chain,draw,l1_distance_free_cells,changed_free_cells,fraction_free_cells_changed
1,1,7596,3277,0.33800928313563694
1,2,7660,3303,0.34069107787519337
1,3,7678,3311,0.34151624548736464
1,4,7778,3334,0.3438886023723569
1,5,7824,3351,0.34564208354822074
1,6,7914,3377,0.3483238782877772
1,7,7922,3386,0.34925219185146983
1,8,7998,3406,0.3513151108818979
1,9,8058,3441,0.35492521918514697
1,10,8128,3461,0.356988138215575
1,11,8166,3481,0.3590510572460031
1,12,8202,3479,0.3588447653429603
1,13,8238,3507,0.36173285198555954
1,14,8262,3534,0.3645177926766374
1,15,8320,3556,0.3667870036101083
1,16,8352,3580,0.36926250644662195
1,17,8366,3591,0.3703971119133574
1,18,8434,3594,0.3707065497679216
1,19,8460,3600,0.37132542547705005
1,20,8490,3598,0.3711191335740072
1,21,8526,3616,0.3729757607013925
1,22,8590,3649,0.37637957710159875
1,23,8674,3669,0.3784424961320268
1,24,8716,3691,0.3807117070654977
1,25,8744,3709,0.38256833419288294
1,26,8760,3726,0.38432181536874677
1,27,8814,3747,0.38648788035069626
1,28,8828,3768,0.3886539453326457
1,29,8872,3780,0.3898916967509025
1,30,8918,3800,0.39195461578133056
1,31,8888,3795,0.39143888602372356
1,32,8970,3824,0.39443011861784427
1,33,9016,3825,0.39453326456936566
1,34,9098,3850,0.3971119133574007
1,35,9130,3870,0.3991748323878288
1,36,9186,3881,0.4003094378545642
1,37,9274,3887,0.40092831356369263
1,38,9322,3901,0.4023723568849923
1,39,9330,3894,0.40165033522434246
1,40,9390,3900,0.40226921093347084
1,41,9454,3937,0.40608561113976277
1,42,9494,3957,0.4081485301701908
1,43,9476,3976,0.41010830324909747
1,44,9502,3992,0.4117586384734399
1,45,9536,3999,0.41248066013408974
1,46,9532,4009,0.4135121196493038
1,47,9574,4034,0.41609076843733883
1,48,9620,4052,0.4179473955647241
1,49,9684,4065,0.4192882929345023
1,50,9756,4091,0.4219700876740588
1,51,9822,4108,0.4237235688499226
1,52,9834,4112,0.42413615265600824
1,53,9898,4142,0.42723053120165033
1,54,9918,4170,0.4301186178442496
1,55,9954,4181,0.43125322331098503
1,56,9994,4188,0.43197524497163486
1,57,10014,4204,0.4336255801959773
1,58,10052,4200,0.4332129963898917
1,59,10138,4216,0.4348633316142341
1,60,10164,4230,0.4363073749355338
1,61,10144,4231,0.4364105208870552
1,62,10248,4242,0.4375451263537906
1,63,10288,4264,0.4398143372872615
1,64,10320,4274,0.4408457968024755
1,65,10368,4291,0.44259927797833937
1,66,10388,4303,0.4438370293965962
1,67,10458,4311,0.4446621970087674
1,68,10494,4316,0.4451779267663744
1,69,10538,4318,0.44538421866941724
1,70,10568,4332,0.44682826199071685
1,71,10578,4337,0.4473439917483239
1,72,10578,4357,0.44940691077875194
1,73,10618,4356,0.44930376482723056
1,74,10652,4365,0.45023207839092316
1,75,10722,4366,0.45033522434244455
1,76,10724,4369,0.45064466219700877
1,77,10726,4370,0.45074780814853016
1,78,10782,4377,0.45146982980918
1,79,10820,4406,0.4544610624033007
1,80,10822,4404,0.45425477050025787
1,81,10838,4406,0.4544610624033007
1,82,10862,4418,0.4556988138215575
1,83,10912,4423,0.4562145435791645
1,84,10910,4421,0.4560082516761217
1,85,11008,4446,0.4585869004641568
1,86,11034,4468,0.46085611139762767
1,87,11014,4458,0.4598246518824136
1,88,11086,4474,0.46147498710675605
1,89,11088,4484,0.4625064466219701
1,90,11110,4490,0.4631253223310985
1,91,11104,4484,0.4625064466219701
1,92,11160,4491,0.46322846828261993
1,93,11162,4511,0.465291387313048
1,94,11162,4507,0.46487880350696237
1,95,11226,4517,0.46591026302217636
1,96,11212,4529,0.4671480144404332
1,97,11262,4545,0.4687983496647757
1,98,11282,4548,0.46910778751933985
1,99,11298,4542,0.46848891181021146
1,100,11296,4544,0.46869520371325424
2,1,7806,3251,0.33532748839608045
2,2,7892,3298,0.3401753481175864
2,3,7950,3337,0.3441980402269211
2,4,7892,3332,0.3436823104693141
2,5,8000,3355,0.34605466735430634
2,6,8016,3372,0.34780814853017017
2,7,8146,3410,0.3517276946879835
2,8,8140,3420,0.35275915420319753
2,9,8184,3433,0.35410005157297575
2,10,8234,3436,0.35440948942753997
2,11,8344,3476,0.35853532748839606
2,12,8406,3478,0.3587416193914389
2,13,8476,3496,0.36059824651882416
2,14,8582,3547,0.3658586900464157
2,15,8600,3552,0.3663744198040227
2,16,8672,3567,0.36792160907684374
2,17,8726,3597,0.37101598762248583
2,18,8804,3622,0.3735946364105209
2,19,8820,3647,0.376173285198556
2,20,8870,3658,0.3773078906652914
2,21,8896,3684,0.37998968540484784
2,22,8924,3666,0.37813305827746263
2,23,8984,3700,0.3816400206291903
2,24,9012,3693,0.3809179989685405
2,25,9094,3725,0.3842186694172254
2,26,9134,3738,0.3855595667870036
2,27,9168,3746,0.3863847343991748
2,28,9274,3770,0.3888602372356885
2,29,9284,3795,0.39143888602372356
2,30,9288,3803,0.3922640536358948
2,31,9372,3817,0.39370809695719444
2,32,9388,3832,0.3952552862300155
2,33,9424,3855,0.39762764311500776
2,34,9500,3878,0.4
2,35,9478,3880,0.4002062919030428
2,36,9546,3890,0.40123775141825685
2,37,9604,3901,0.4023723568849923
2,38,9636,3902,0.4024755028365137
2,39,9680,3914,0.4037132542547705
2,40,9666,3921,0.40443527591542033
2,41,9660,3922,0.4045384218669417
2,42,9666,3924,0.40474471376998455
2,43,9664,3942,0.40660134089736977
2,44,9732,3962,0.4086642599277978
2,45,9792,3968,0.40928313563692625
2,46,9860,3982,0.4107271789582259
2,47,9960,4019,0.4145435791645178
2,48,10026,4034,0.41609076843733883
2,49,10120,4046,0.41732851985559566
2,50,10152,4064,0.4191851469829809
2,51,10134,4064,0.4191851469829809
2,52,10218,4118,0.4247550283651367
2,53,10238,4106,0.42351727694687985
2,54,10218,4122,0.4251676121712223
2,55,10268,4123,0.4252707581227437
2,56,10314,4139,0.4269210933470861
2,57,10284,4133,0.4263022176379577
2,58,10388,4161,0.429190304280557
2,59,10442,4182,0.4313563692625064
2,60,10452,4209,0.4341413099535843
2,61,10464,4218,0.43506962351727696
2,62,10498,4245,0.43785456420835484
2,63,10552,4254,0.43878287777204744
2,64,10546,4252,0.43857658586900466
2,65,10602,4265,0.4399174832387829
2,66,10582,4250,0.43837029396596183
2,67,10552,4262,0.43960804538421866
2,68,10602,4267,0.44012377514182566
2,69,10658,4280,0.44146467251160393
2,70,10700,4298,0.4433212996389892
2,71,10744,4310,0.444559051057246
2,72,10744,4295,0.443011861784425
2,73,10770,4306,0.4441464672511604
2,74,10848,4310,0.444559051057246
2,75,10872,4311,0.4446621970087674
2,76,10822,4297,0.44321815368746775
2,77,10810,4313,0.4448684889118102
2,78,10834,4310,0.444559051057246
2,79,10846,4321,0.4456936565239814
2,80,10878,4343,0.4479628674574523
2,81,10908,4366,0.45033522434244455
2,82,10860,4381,0.4518824136152656
2,83,10848,4388,0.45260443527591543
2,84,10922,4392,0.45301701908200104
2,85,10944,4407,0.4545642083548221
2,86,10930,4387,0.45250128932439404
2,87,10980,4420,0.4559051057246003
2,88,11032,4424,0.4563176895306859
2,89,11078,4441,0.4580711707065498
2,90,11116,4467,0.4607529654461062
2,91,11144,4475,0.46157813305827744
2,92,11180,4496,0.46374419804022693
2,93,11174,4482,0.46230015471892727
2,94,11202,4468,0.46085611139762767
2,95,11268,4500,0.46415678184631254
2,96,11250,4495,0.46364105208870554
2,97,11274,4509,0.46508509541000514
2,98,11292,4513,0.46549767921609075
2,99,11388,4525,0.4667354306343476
2,100,11402,4523,0.4665291387313048
3,1,7680,3268,0.3370809695719443
3,2,7772,3283,0.3386281588447653
3,3,7904,3315,0.34192882929345025
3,4,7966,3323,0.34275399690562147
3,5,8026,3361,0.3466735430634348
3,6,8024,3378,0.3484270242392986
3,7,8100,3406,0.3513151108818979
3,8,8118,3407,0.35141825683341926
3,9,8144,3423,0.35306859205776175
3,10,8200,3448,0.3556472408457968
3,11,8296,3470,0.3579164517792677
3,12,8330,3466,0.35750386797318207
3,13,8354,3477,0.3586384734399175
3,14,8394,3517,0.3627643115007736
3,15,8452,3530,0.3641052088705518
3,16,8534,3543,0.3654461062403301
3,17,8564,3562,0.36740587931923674
3,18,8622,3585,0.369778236204229
3,19,8632,3613,0.37266632284682827
3,20,8660,3624,0.3738009283135637
3,21,8682,3629,0.3743166580711707
3,22,8730,3654,0.3768953068592058
3,23,8794,3662,0.377720474471377
3,24,8794,3692,0.38081485301701906
3,25,8874,3725,0.3842186694172254
3,26,8928,3750,0.3867973182052604
3,27,8980,3758,0.38762248581743164
3,28,9010,3769,0.3887570912841671
3,29,9098,3787,0.39061371841155235
3,30,9150,3808,0.3927797833935018
3,31,9156,3812,0.3931923671995874
3,32,9194,3809,0.3928829293450232
3,33,9250,3814,0.3933986591026302
3,34,9292,3842,0.3962867457452295
3,35,9272,3846,0.3966993295513151
3,36,9308,3863,0.398452810727179
3,37,9352,3871,0.3992779783393502
3,38,9358,3875,0.3996905621454358
3,39,9428,3891,0.40134089736977824
3,40,9482,3911,0.4034038164002063
3,41,9552,3932,0.4055698813821558
3,42,9592,3936,0.4059824651882414
3,43,9626,3967,0.40917998968540487
3,44,9744,4020,0.41464672511603917
3,45,9774,4033,0.41598762248581744
3,46,9750,4039,0.41660649819494583
3,47,9794,4061,0.4188757091284167
3,48,9800,4053,0.4180505415162455
3,49,9836,4059,0.41866941722537393
3,50,9924,4079,0.420732336255802
3,51,9922,4080,0.42083548220732336
3,52,9938,4105,0.4234141309953584
3,53,9976,4102,0.42310469314079424
3,54,9980,4110,0.42392986075296546
3,55,10076,4131,0.4260959257349149
3,56,10148,4161,0.429190304280557
3,57,10154,4168,0.4299123259412068
3,58,10132,4150,0.42805569881382155
3,59,10220,4176,0.43073749355337804
3,60,10242,4182,0.4313563692625064
3,61,10262,4194,0.4325941206807633
3,62,10338,4216,0.4348633316142341
3,63,10392,4204,0.4336255801959773
3,64,10422,4216,0.4348633316142341
3,65,10450,4238,0.437132542547705
3,66,10460,4240,0.4373388344507478
3,67,10462,4252,0.43857658586900466
3,68,10496,4267,0.44012377514182566
3,69,10496,4263,0.43971119133574005
3,70,10550,4293,0.44280556988138214
3,71,10586,4304,0.4439401753481176
3,72,10624,4323,0.44589994842702424
3,73,10620,4331,0.44672511603919546
3,74,10666,4344,0.4480660134089737
3,75,10678,4354,0.4490974729241877
3,76,10724,4376,0.4513666838576586
3,77,10744,4391,0.45291387313047965
3,78,10838,4423,0.4562145435791645
3,79,10872,4413,0.45518308406395047
3,80,10870,4407,0.4545642083548221
3,81,10926,4406,0.4544610624033007
3,82,10914,4402,0.45404847859721503
3,83,10972,4405,0.45435791645177925
3,84,11058,4451,0.4591026302217638
3,85,11084,4471,0.46116554925219183
3,86,11080,4468,0.46085611139762767
3,87,11100,4476,0.4616812790097989
3,88,11090,4485,0.4626095925734915
3,89,11122,4500,0.46415678184631254
3,90,11116,4489,0.4630221763795771
3,91,11124,4495,0.46364105208870554
3,92,11168,4501,0.4642599277978339
3,93,11244,4507,0.46487880350696237
3,94,11224,4517,0.46591026302217636
3,95,11226,4532,0.4674574522949974
3,96,11226,4531,0.467354306343476
3,97,11278,4554,0.4697266632284683
3,98,11336,4579,0.47230531201650333
3,99,11312,4577,0.47209902011346055
3,100,11388,4585,0.4729241877256318
4,1,8030,3366,0.3471892728210418
4,2,8064,3373,0.3479112944816916
4,3,8088,3411,0.3518308406395049
4,4,8142,3431,0.353893759669933
4,5,8184,3427,0.35348117586384736
4,6,8224,3447,0.3555440948942754
4,7,8254,3467,0.35760701392470345
4,8,8378,3497,0.36070139247034555
4,9,8418,3500,0.36101083032490977
4,10,8448,3520,0.3630737493553378
4,11,8492,3547,0.3658586900464157
4,12,8500,3545,0.36565239814337286
4,13,8550,3587,0.3699845281072718
4,14,8564,3600,0.37132542547705005
4,15,8628,3628,0.3742135121196493
4,16,8664,3635,0.37493553378029915
4,17,8698,3653,0.37679216090768436
4,18,8732,3687,0.38029912325941206
4,19,8750,3691,0.3807117070654977
4,20,8734,3697,0.3813305827746261
4,21,8750,3714,0.38308406395048994
4,22,8754,3725,0.3842186694172254
4,23,8822,3750,0.3867973182052604
4,24,8820,3754,0.38720990201134603
4,25,8914,3776,0.3894791129448169
4,26,8972,3783,0.39020113460546674
4,27,8974,3797,0.3916451779267664
4,28,9008,3824,0.39443011861784427
4,29,9078,3847,0.39680247550283654
4,30,9190,3859,0.39804022692109337
4,31,9260,3883,0.400515729757607
4,32,9206,3896,0.40185662712738524
4,33,9250,3919,0.4042289840123775
4,34,9322,3927,0.4050541516245487
4,35,9382,3925,0.40484785972150594
4,36,9370,3927,0.4050541516245487
4,37,9410,3944,0.4068076328004126
4,38,9448,3944,0.4068076328004126
4,39,9538,3971,0.4095925734914905
4,40,9614,4009,0.4135121196493038
4,41,9610,4017,0.414337287261475
4,42,9684,4031,0.4157813305827746
4,43,9710,4044,0.4171222279525529
4,44,9748,4050,0.41774110366168127
4,45,9814,4065,0.4192882929345023
4,46,9838,4084,0.421248066013409
4,47,9852,4093,0.4221763795771016
4,48,9906,4109,0.42382671480144407
4,49,9936,4122,0.4251676121712223
4,50,9968,4115,0.42444559051057246
4,51,9960,4117,0.4246518824136153
4,52,9968,4122,0.4251676121712223
4,53,9966,4119,0.42485817431665807
4,54,10014,4125,0.4254770500257865
4,55,10018,4138,0.4268179473955647
4,56,10092,4162,0.4292934502320784
4,57,10134,4176,0.43073749355337804
4,58,10150,4189,0.43207839092315625
4,59,10202,4190,0.4321815368746777
4,60,10226,4178,0.4309437854564208
4,61,10230,4171,0.43022176379577104
4,62,10224,4174,0.4305312016503352
4,63,10242,4181,0.43125322331098503
4,64,10250,4191,0.4322846828261991
4,65,10318,4215,0.43476018566271274
4,66,10366,4229,0.4362042289840124
4,67,10400,4250,0.43837029396596183
4,68,10422,4246,0.4379577101598762
4,69,10478,4267,0.44012377514182566
4,70,10526,4280,0.44146467251160393
4,71,10546,4293,0.44280556988138214
4,72,10600,4307,0.4442496132026818
4,73,10602,4319,0.44548736462093863
4,74,10668,4332,0.44682826199071685
4,75,10718,4341,0.4477565755544095
4,76,10754,4338,0.4474471376998453
4,77,10752,4351,0.4487880350696235
4,78,10770,4365,0.45023207839092316
4,79,10794,4361,0.44981949458483755
4,80,10758,4362,0.44992264053635894
4,81,10788,4360,0.44971634863331617
4,82,10816,4370,0.45074780814853016
4,83,10804,4374,0.45116039195461577
4,84,10798,4375,0.45126353790613716
4,85,10834,4385,0.4522949974213512
4,86,10868,4403,0.4541516245487365
4,87,10884,4412,0.4550799381124291
4,88,10906,4433,0.4572460030943786
4,89,11014,4449,0.458896338318721
4,90,11054,4467,0.4607529654461062
4,91,11070,4487,0.4628158844765343
4,92,11088,4508,0.46498194945848376
4,93,11126,4504,0.46456936565239815
4,94,11122,4503,0.46446621970087676
4,95,11078,4500,0.46415678184631254
4,96,11192,4527,0.4669417225373904
4,97,11226,4547,0.46900464156781846
4,98,11220,4536,0.467870036101083
4,99,11312,4556,0.46993295513151107
4,100,11382,4564,0.4707581227436823
