chain,proposal,state_hash,log_likelihood,l1_distance_free_cells,changed_free_cells,fraction_free_cells_changed,maximum_absolute_cell_change,changed_county_period_totals,rurality_total__metro_large,rurality_total__metro_other,rurality_total__nonmetro_adjacent,rurality_total__nonmetro_nonadjacent,svi_total__Q1_lowest,svi_total__Q2,svi_total__Q3,svi_total__Q4_highest
1,0,983dffc6fe182a02,-31143.487570273734,0,0,0.0,0,0,28865,18409,7639,3467,7734,12576,16793,21277
1,500,914c6a119973050b,-31063.46452085385,244,85,0.008767405879319236,8,52,28861,18421,7636,3462,7723,12582,16795,21280
1,1000,270d184080fe368b,-31009.239168118685,414,149,0.015368746776689014,8,100,28851,18427,7652,3450,7735,12570,16798,21277
1,1500,9acb9b7012a61f43,-30967.021296227012,570,230,0.02372356884992264,8,157,28854,18442,7639,3445,7736,12574,16790,21280
1,2000,b7f4f47a3391a721,-30900.07278173814,756,295,0.030428055698813822,8,192,28858,18441,7650,3431,7729,12592,16775,21284
1,2500,ca5937d343b9d594,-30863.48830829903,882,348,0.03589479112944817,8,221,28857,18450,7646,3427,7737,12584,16775,21284
1,3000,8284ff44c119457d,-30825.908263827656,1042,404,0.041670964414646725,8,260,28857,18448,7647,3428,7736,12584,16780,21280
1,3500,800891b5882e5f96,-30791.19225450675,1130,443,0.045693656523981434,8,277,28857,18454,7643,3426,7734,12598,16770,21278
1,4000,68b851d69aea43f6,-30755.708280118848,1232,494,0.05095410005157298,8,305,28856,18458,7634,3432,7729,12604,16764,21283
1,4500,7a4733c77f993eb6,-30726.265116015464,1302,528,0.05446106240330067,8,316,28862,18457,7622,3439,7733,12614,16759,21274
1,5000,1733f3a94535084f,-30708.745874398453,1394,570,0.058793192367199584,8,342,28863,18462,7616,3439,7733,12618,16765,21264
1,5500,5d32658f3a59b52f,-30684.623885924164,1476,607,0.0626095925734915,8,366,28852,18472,7627,3429,7725,12610,16772,21273
1,6000,d9dbee46e86eb66a,-30637.905129295075,1620,669,0.06900464156781846,8,406,28852,18482,7613,3433,7727,12607,16767,21279
1,6500,0d251eadedbe4018,-30595.344405739914,1750,717,0.0739556472408458,8,432,28858,18480,7620,3422,7728,12598,16773,21281
1,7000,46c14febe7e95e06,-30589.242636888986,1808,734,0.07570912841670964,8,441,28859,18477,7619,3425,7731,12599,16772,21278
1,7500,891f0160c3d8a417,-30549.66626334483,1904,766,0.07900979886539454,8,468,28872,18469,7618,3421,7742,12594,16781,21263
1,8000,7843578f5b7a9c89,-30523.088449930205,2000,810,0.08354822073233625,8,487,28872,18484,7621,3403,7736,12603,16757,21284
1,8500,cdc4d2f2b120568b,-30494.246292282427,2104,849,0.08757091284167097,8,512,28871,18471,7623,3415,7738,12603,16758,21281
1,9000,7e5a55e70fa8f9e2,-30458.50138451728,2210,886,0.09138731304796287,8,541,28869,18474,7623,3414,7738,12603,16754,21285
1,9500,32384fad7492a44f,-30439.977084694434,2292,916,0.09448169159360495,8,562,28868,18464,7632,3416,7737,12600,16750,21293
1,10000,e6c7dbe47ea8ef3e,-30414.273357060887,2376,953,0.09829809179989685,8,576,28873,18462,7635,3410,7733,12605,16752,21290
1,10500,5b4038f60144760a,-30379.089077268443,2442,981,0.10118617844249614,8,589,28870,18472,7638,3400,7737,12598,16750,21295
1,11000,8fa4061e76689386,-30355.999215287437,2506,1021,0.10531201650335224,8,601,28872,18474,7640,3394,7734,12604,16745,21297
1,11500,09c523d2636fe94e,-30327.837637829034,2566,1049,0.10820010314595152,8,614,28876,18467,7652,3385,7741,12600,16740,21299
1,12000,fb931eff7dab7b21,-30308.78070167102,2612,1063,0.10964414646725117,8,622,28876,18471,7652,3381,7738,12597,16744,21301
1,12500,a0b61406606c3137,-30296.289673381987,2692,1098,0.11325425477050026,8,639,28877,18470,7643,3390,7737,12596,16753,21294
1,13000,ca31070953bf1edd,-30269.322599027517,2794,1141,0.11768953068592057,8,660,28877,18471,7635,3397,7731,12595,16757,21297
1,13500,1cd4c441027b2d25,-30250.88252687172,2862,1171,0.12078390923156267,8,674,28876,18470,7633,3401,7728,12587,16769,21296
1,14000,ac5ab7eed061e126,-30217.74867656742,2946,1204,0.12418772563176896,8,681,28878,18475,7624,3403,7724,12592,16765,21299
1,14500,fb09d8be68aeed2b,-30207.92234728232,2984,1216,0.1254254770500258,8,691,28882,18472,7626,3400,7719,12608,16761,21292
1,15000,f30e6f0746be634c,-30184.378172391625,3038,1236,0.12748839608045384,8,703,28874,18479,7625,3402,7719,12610,16759,21292
1,15500,d269b279a8d575b9,-30164.67005738003,3106,1269,0.13089221248066013,8,720,28870,18479,7623,3408,7713,12609,16766,21292
1,16000,0d0d5a279bbe9ea7,-30150.572972384623,3164,1286,0.13264569365652398,8,723,28872,18478,7625,3405,7713,12618,16759,21290
1,16500,4c292a6818f80d64,-30134.85839183504,3198,1303,0.13439917483238784,8,728,28875,18469,7629,3407,7703,12623,16776,21278
1,17000,ba06be0c2e35b651,-30116.91738309901,3266,1322,0.1363589479112945,8,728,28878,18474,7618,3410,7706,12619,16781,21274
1,17500,b41fecacc1519052,-30106.141773264244,3298,1338,0.13800928313563693,8,738,28883,18471,7619,3407,7703,12625,16777,21275
1,18000,629efd46ff5ca817,-30096.406639204164,3302,1343,0.13852501289324395,8,732,28882,18473,7617,3408,7709,12618,16779,21274
1,18500,c2112f85b5759d2c,-30064.738130460802,3388,1369,0.1412068076328004,8,740,28880,18472,7615,3413,7705,12618,16786,21271
1,19000,3148ad327460c584,-30066.05192219914,3424,1390,0.14337287261474987,8,748,28879,18468,7621,3412,7706,12608,16799,21267
1,19500,9873ccd68e841d62,-30054.111405081298,3506,1422,0.14667354306343475,8,760,28884,18471,7618,3407,7684,12619,16805,21272
1,20000,3228c0d575aa7492,-30030.946850368717,3566,1452,0.14976792160907684,8,762,28886,18463,7622,3409,7679,12620,16808,21273
2,0,ea24b5408da9997d,-31248.317353295766,0,0,0.0,0,0,28904,18351,7692,3433,7803,12600,16725,21252
2,500,5777b222122e549f,-31185.88541202234,210,79,0.00814853017019082,6,54,28901,18342,7702,3435,7790,12599,16733,21258
2,1000,809e89dad9cf6eb3,-31099.034151257772,434,158,0.01629706034038164,8,110,28895,18343,7689,3453,7776,12590,16742,21272
2,1500,85c7fb7a888621a5,-31042.258315659376,598,229,0.023620422898401237,8,160,28897,18355,7680,3448,7778,12586,16754,21262
2,2000,172982628c8528f6,-30982.63656563631,750,294,0.03032490974729242,8,202,28892,18360,7688,3440,7768,12590,16763,21259
2,2500,0a15124572336759,-30904.090822246057,934,360,0.037132542547705004,8,238,28890,18371,7683,3436,7764,12590,16772,21254
2,3000,a7d1e6e7cd130502,-30866.539863848713,1040,407,0.04198040226921093,8,277,28890,18374,7699,3417,7765,12599,16762,21254
2,3500,36b0b716d438590d,-30839.906284488417,1168,446,0.04600309437854564,8,301,28884,18368,7708,3420,7755,12602,16772,21251
2,4000,bbfbd322a1c31187,-30801.52255563834,1284,489,0.05043837029396596,8,322,28888,18368,7702,3422,7755,12605,16774,21246
2,4500,faf4a6b950a727cb,-30737.41968384967,1466,548,0.05652398143372873,8,353,28886,18387,7693,3414,7745,12624,16773,21238
2,5000,13e870ac8706836d,-30702.00029173195,1584,589,0.06075296544610624,8,375,28882,18393,7680,3425,7753,12608,16780,21239
2,5500,81b3c8dc0c1e88bd,-30666.73427055699,1684,639,0.06591026302217638,8,394,28888,18389,7672,3431,7757,12614,16783,21226
2,6000,d6c9203e05db6254,-30630.23474118524,1798,684,0.0705518308406395,8,420,28883,18386,7682,3429,7756,12612,16782,21230
2,6500,18855cccf26665fe,-30614.805771310326,1876,723,0.07457452294997421,8,441,28875,18390,7689,3426,7753,12621,16780,21226
2,7000,fafed14f95bc597b,-30565.44555367216,2002,765,0.07890665291387312,8,458,28874,18386,7690,3430,7739,12641,16769,21231
2,7500,ba8ebae2705d9bb5,-30540.208033438525,2064,796,0.08210417741103662,8,466,28875,18383,7699,3423,7744,12633,16773,21230
2,8000,c9c44f51f4811f41,-30509.666293199425,2174,836,0.08623001547189273,8,483,28868,18381,7703,3428,7738,12631,16780,21231
2,8500,805126a27d2fd342,-30482.3446749507,2262,883,0.09107787519339866,8,510,28869,18395,7696,3420,7743,12627,16778,21232
2,9000,70dcd39c6dbc4342,-30452.324335052042,2330,927,0.09561629706034039,8,527,28868,18395,7686,3431,7741,12631,16772,21236
2,9500,9c0cef1f26cd229b,-30427.363044679507,2416,966,0.09963898916967509,8,546,28862,18399,7699,3420,7752,12626,16760,21242
2,10000,be8da7b767a602f4,-30388.35473703575,2514,1004,0.10355853532748839,8,564,28865,18391,7707,3417,7756,12620,16765,21239
2,10500,6fad99a33ad14545,-30371.969718322565,2562,1024,0.10562145435791645,8,571,28864,18396,7700,3420,7750,12619,16770,21241
2,11000,025f99ab539e1d79,-30337.787675367465,2634,1050,0.10830324909747292,8,590,28860,18393,7701,3426,7744,12622,16779,21235
2,11500,33800ce3af80b66e,-30306.842779148934,2704,1082,0.11160391954615781,8,606,28855,18396,7715,3414,7748,12621,16772,21239
2,12000,007c330a4d45d1ac,-30285.83598931801,2794,1107,0.11418256833419288,8,617,28856,18396,7707,3421,7752,12619,16767,21242
2,12500,b55c4c4238fd9119,-30258.741645812064,2870,1132,0.11676121712222795,8,631,28865,18395,7699,3421,7753,12607,16785,21235
2,13000,a5b6b11f9498f94b,-30255.32798906102,2954,1162,0.11985559566787003,8,643,28866,18401,7697,3416,7759,12600,16787,21234
2,13500,6786020411e71292,-30205.106096862797,3026,1190,0.12274368231046931,8,660,28865,18418,7692,3405,7752,12606,16785,21237
2,14000,6e03654759dbed33,-30180.21161497625,3134,1239,0.12779783393501806,8,677,28867,18426,7678,3409,7744,12623,16782,21231
2,14500,c89b97cc7b95fef8,-30159.06644049326,3214,1280,0.13202681794739557,8,693,28871,18427,7679,3403,7744,12626,16787,21223
2,15000,a0aa79f13eb52c06,-30131.286140846947,3256,1299,0.13398659102630223,8,704,28869,18438,7680,3393,7740,12616,16796,21228
2,15500,ba3b0d0b91d60c0b,-30105.209667631687,3310,1324,0.1365652398143373,8,721,28865,18445,7683,3387,7738,12615,16795,21232
2,16000,bb47a5c4cfcc310b,-30090.187525127996,3400,1357,0.13996905621454359,8,726,28857,18445,7694,3384,7731,12619,16799,21231
2,16500,0bfbdcb8fb74a58a,-30077.26456871729,3470,1388,0.14316658071170707,8,736,28849,18456,7694,3381,7733,12618,16799,21230
2,17000,f44b0d1729dc7c96,-30062.89418912004,3522,1408,0.14522949974213512,8,741,28846,18456,7683,3395,7736,12612,16797,21235
2,17500,cde6c9e06818a23f,-30048.045588471196,3548,1430,0.147498710675606,8,746,28846,18461,7691,3382,7723,12616,16807,21234
2,18000,f487edf8f0fc26f0,-30038.573771455543,3588,1451,0.14966477565755545,8,752,28846,18461,7683,3390,7709,12630,16810,21231
2,18500,41b58a1840114a30,-30020.31476758416,3636,1477,0.1523465703971119,8,758,28840,18470,7688,3382,7712,12624,16818,21226
2,19000,c8868b8a88a0e6c1,-29999.743735930544,3680,1508,0.1555440948942754,8,769,28847,18460,7676,3397,7710,12618,16816,21236
2,19500,981563c4170eae7d,-29985.85069255393,3734,1534,0.15822588963383188,8,775,28850,18455,7685,3390,7713,12622,16804,21241
2,20000,ad26108fee9e6935,-29959.127003541704,3778,1545,0.1593604951005673,8,779,28853,18454,7686,3387,7712,12625,16800,21243
3,0,28fe06375b1c5c3a,-31148.00016508593,0,0,0.0,0,0,28912,18463,7519,3486,7712,12619,16809,21240
3,500,c2b370f54c41657e,-31076.010902866303,188,66,0.0068076328004125835,7,49,28910,18452,7522,3496,7720,12600,16835,21225
3,1000,07c4bda7db202e08,-30985.86168464915,418,154,0.01588447653429603,7,115,28905,18449,7530,3496,7734,12594,16822,21230
3,1500,dbd42074fb2636d2,-30926.654658803403,580,205,0.021144920061887573,7,157,28911,18454,7526,3489,7736,12605,16811,21228
3,2000,4af02a5dbaa2cfa8,-30916.55716644311,704,254,0.026199071686436308,7,185,28920,18450,7523,3487,7742,12602,16816,21220
3,2500,34fe99fdaa9aebc3,-30891.254209736842,804,301,0.03104693140794224,8,220,28926,18449,7520,3485,7742,12607,16820,21211
3,3000,28705214d19b8521,-30848.08036718286,928,350,0.036101083032490974,8,255,28923,18454,7517,3486,7742,12606,16837,21195
3,3500,286e87f77a81de76,-30821.449445313054,1038,402,0.04146467251160392,8,282,28917,18452,7530,3481,7742,12598,16836,21204
3,4000,5971a413b7688b6e,-30796.916289599543,1148,442,0.04559051057246003,8,297,28917,18457,7527,3479,7741,12599,16839,21201
3,4500,d6337b28d720a41f,-30741.447225138716,1324,520,0.05363589479112945,8,345,28914,18466,7539,3461,7753,12588,16834,21205
3,5000,784a34f2b01e8caa,-30684.006496976603,1496,583,0.06013408973697782,8,379,28921,18465,7545,3449,7748,12595,16831,21206
3,5500,cd774684bb47f5e9,-30649.153602561346,1622,627,0.06467251160391954,8,397,28914,18460,7556,3450,7748,12599,16834,21199
3,6000,47b9b4bb9359fd22,-30615.670692240303,1772,691,0.07127385250128933,8,422,28910,18448,7576,3446,7738,12591,16852,21199
3,6500,1daa32bf71bc23fe,-30577.384867218,1886,735,0.07581227436823104,8,448,28903,18451,7581,3445,7735,12592,16847,21206
3,7000,e7560d65bd873858,-30526.105242158334,1982,776,0.08004125838060856,8,459,28900,18456,7574,3450,7724,12589,16842,21225
3,7500,8e1c887e1363fa53,-30487.398470853597,2078,811,0.08365136668385766,8,479,28897,18465,7581,3437,7724,12600,16837,21219
3,8000,dbfd5ad1150e0820,-30484.418795730333,2146,846,0.08726147498710676,8,493,28902,18464,7571,3443,7723,12611,16833,21213
3,8500,2ca96d0a07120654,-30461.16102614543,2238,883,0.09107787519339866,8,518,28903,18463,7578,3436,7724,12621,16825,21210
3,9000,d89da7827cada161,-30438.499000085074,2322,916,0.09448169159360495,8,528,28904,18459,7578,3439,7731,12613,16834,21202
3,9500,794d08d9b25891fc,-30406.203757825955,2386,948,0.09778236204228984,8,542,28905,18459,7548,3468,7732,12615,16835,21198
3,10000,44cd4fb4d5e21dd0,-30382.55076528763,2488,980,0.10108303249097472,8,555,28900,18465,7545,3470,7729,12605,16845,21201
3,10500,21b97df56dccd75b,-30349.086218545915,2598,1027,0.10593089221248066,8,566,28897,18473,7548,3462,7730,12601,16841,21208
3,11000,9b84ffb3f16b56b0,-30325.14907803295,2708,1080,0.111397627643115,8,570,28893,18472,7560,3455,7723,12601,16843,21213
3,11500,ccb6f2b265d01bb9,-30292.445167850266,2768,1118,0.11531717380092832,8,594,28892,18480,7560,3448,7729,12595,16843,21213
3,12000,71c51516a084d6f8,-30261.604354180505,2866,1165,0.12016503352243424,8,609,28899,18483,7553,3445,7742,12588,16841,21209
3,12500,2e55ba8792ddb1df,-30251.452544909476,2922,1183,0.1220216606498195,8,616,28899,18477,7564,3440,7745,12589,16838,21208
3,13000,bc795e8e2a49ef4a,-30242.57025452132,2972,1209,0.12470345538937597,8,628,28907,18468,7570,3435,7742,12591,16846,21201
3,13500,110b61bd6d41bbfa,-30233.12584339769,3030,1229,0.126766374419804,8,637,28902,18465,7581,3432,7749,12584,16847,21200
3,14000,684e0c68333c182b,-30203.486689865385,3092,1251,0.1290355853532749,8,640,28902,18469,7586,3423,7753,12578,16853,21196
3,14500,00749cdabf7434e4,-30188.73317562759,3168,1274,0.13140794223826716,8,646,28907,18470,7590,3413,7761,12581,16841,21197
3,15000,c20c449b8c65aeb1,-30162.74499595634,3220,1295,0.13357400722021662,8,660,28910,18472,7598,3400,7761,12593,16833,21193
3,15500,e8f5ab33c5cecb3b,-30142.635779233628,3316,1334,0.13759669932955132,8,671,28914,18475,7585,3406,7762,12600,16835,21183
3,16000,056adbefbc1d7717,-30122.668746740914,3386,1360,0.14027849406910778,8,690,28910,18471,7586,3413,7751,12610,16829,21190
3,16500,87b824553d40225a,-30101.50915770678,3442,1395,0.14388860237235687,8,711,28906,18480,7588,3406,7750,12605,16831,21194
3,17000,756818090771854d,-30082.84315779843,3486,1414,0.14584837545126353,8,718,28905,18486,7594,3395,7752,12603,16834,21191
3,17500,6611d60c180ef65d,-30068.49363452832,3534,1433,0.14780814853017019,8,719,28900,18478,7611,3391,7749,12598,16832,21201
3,18000,96f29d100bfde234,-30058.14565585697,3586,1463,0.15090252707581228,8,735,28906,18474,7608,3392,7754,12593,16833,21200
3,18500,ad3f62f28489423d,-30031.76756096912,3640,1498,0.15451263537906137,8,745,28904,18473,7609,3394,7747,12596,16829,21208
3,19000,1d7616dbb636c554,-30012.86842241015,3680,1527,0.15750386797318205,8,754,28901,18474,7608,3397,7739,12607,16824,21210
3,19500,e0b5a1d9f1d82a39,-29997.698236689554,3746,1544,0.1592573491490459,8,758,28898,18479,7616,3387,7740,12619,16813,21208
3,20000,ac85772c57c52fe5,-29965.320006961436,3812,1571,0.16204228984012378,8,761,28895,18476,7618,3391,7738,12607,16822,21213
4,0,77f8354ce465a460,-31227.291672304895,0,0,0.0,0,0,28925,18382,7685,3388,7791,12645,16781,21163
4,500,7e5aceb6da5dcae1,-31155.344864491577,216,80,0.008251676121712223,5,48,28929,18386,7672,3393,7783,12646,16775,21176
4,1000,a1ef79004a52906f,-31107.69185927093,372,145,0.014956162970603403,7,99,28936,18381,7666,3397,7764,12653,16782,21181
4,1500,286942d57309dcaa,-31072.77028440214,510,198,0.02042289840123775,7,135,28933,18385,7673,3389,7756,12648,16784,21192
4,2000,2f65d7f855add90a,-31032.97449035377,600,240,0.02475502836513667,7,164,28936,18387,7663,3394,7741,12651,16786,21202
4,2500,723000a89ae1cf50,-31015.853319987633,740,299,0.030840639504899434,7,200,28931,18384,7655,3410,7739,12647,16785,21209
4,3000,ed4834e2c8370825,-30959.61839001369,896,361,0.037235688499226406,7,246,28930,18395,7641,3414,7717,12656,16797,21210
4,3500,f1228f0de3a56f50,-30907.89865860496,958,392,0.04043321299638989,7,263,28925,18398,7651,3406,7719,12653,16798,21210
4,4000,9708b2b01a7b187a,-30878.53562162326,1024,419,0.043218153687467765,8,278,28924,18395,7659,3402,7721,12660,16800,21199
4,4500,cc787fe2a50eb31b,-30843.768532684688,1168,473,0.048788035069623516,8,309,28927,18393,7652,3408,7728,12658,16808,21186
4,5000,22c106bfa52363e5,-30781.85367117475,1314,519,0.05353274883960805,8,337,28935,18402,7641,3402,7730,12668,16807,21175
4,5500,1cb08d60431cd6d4,-30713.334073059355,1468,573,0.0591026302217638,8,370,28928,18418,7639,3395,7726,12663,16802,21189
4,6000,604fb79634cec0c7,-30673.670993466418,1570,615,0.06343476018566271,8,397,28929,18416,7635,3400,7739,12651,16803,21187
4,6500,a91de8af59e2242b,-30625.140561177854,1668,659,0.06797318205260444,8,419,28925,18428,7637,3390,7733,12657,16810,21180
4,7000,18409aa44a8bb8e9,-30594.347176153206,1748,694,0.07158329035585353,8,440,28929,18421,7643,3387,7742,12651,16806,21181
4,7500,58b1cc8f34af4b44,-30579.073763083343,1824,726,0.07488396080453842,8,458,28922,18422,7641,3395,7749,12647,16802,21182
4,8000,08ce78ede4c1ae11,-30568.119702449636,1898,754,0.0777720474471377,8,481,28925,18423,7633,3399,7755,12644,16801,21180
4,8500,489e41d62cdfdb08,-30538.330378470724,1984,791,0.0815884476534296,8,506,28924,18435,7621,3400,7755,12630,16806,21189
4,9000,b2c66105ff3ea355,-30490.354765552496,2070,826,0.0851985559566787,8,516,28926,18433,7626,3395,7752,12627,16806,21195
4,9500,4b12025b789380e9,-30461.377779546678,2168,866,0.08932439401753481,8,536,28923,18432,7624,3401,7739,12628,16822,21191
4,10000,d032cf6c2cac7c5b,-30432.660567477007,2276,909,0.09375966993295513,8,553,28930,18433,7621,3396,7736,12627,16814,21203
4,10500,149b6fdcadca61fc,-30391.866548120634,2348,941,0.09706034038164002,8,566,28929,18425,7631,3395,7743,12626,16812,21199
4,11000,572864c5c7e96fb4,-30380.411096936565,2404,972,0.1002578648788035,8,581,28924,18418,7644,3394,7737,12623,16819,21201
4,11500,c2be90ba4e29bc47,-30361.19734099551,2462,995,0.10263022176379577,8,594,28922,18424,7650,3384,7738,12624,16817,21201
4,12000,dc8e94ac8c45189b,-30332.86083110702,2536,1021,0.10531201650335224,8,606,28919,18434,7658,3369,7742,12614,16823,21201
4,12500,5296e6c864ce1a70,-30300.282198470653,2618,1068,0.11015987622485818,8,619,28917,18438,7663,3362,7745,12613,16817,21205
4,13000,65435382334fc9ff,-30250.977143317643,2722,1101,0.11356369262506447,8,637,28925,18440,7660,3355,7744,12612,16805,21219
4,13500,98b846f6ec33951f,-30232.399285441956,2788,1133,0.11686436307374935,8,658,28927,18438,7668,3347,7750,12614,16806,21210
4,14000,f858bbeb429186c2,-30220.716492387262,2846,1164,0.12006188757091284,8,679,28921,18438,7668,3353,7741,12630,16800,21209
4,14500,5531ad9a15c44756,-30189.48286566673,2920,1203,0.12408457968024755,8,689,28921,18438,7658,3363,7739,12627,16808,21206
4,15000,2349b1b279445d58,-30154.380065243007,3036,1237,0.12759154203197526,8,698,28916,18437,7679,3348,7728,12628,16809,21215
4,15500,866885d648d0dab2,-30144.56331369541,3090,1255,0.1294481691593605,8,708,28915,18447,7681,3337,7723,12645,16811,21201
4,16000,4ae494759de106f8,-30125.682496333087,3160,1284,0.13243940175348118,8,715,28903,18450,7678,3349,7732,12639,16807,21202
4,16500,73af4b4851986253,-30088.20936153277,3222,1321,0.13625580195977308,8,739,28901,18449,7687,3343,7733,12641,16807,21199
4,17000,88120a210ddb5ff3,-30085.31905840044,3296,1340,0.13821557503867973,8,752,28899,18456,7682,3343,7733,12650,16808,21189
4,17500,5f681351bef60698,-30076.419708979825,3366,1369,0.1412068076328004,8,762,28903,18463,7678,3336,7737,12656,16805,21182
4,18000,73fafcb2f37d173a,-30060.10257716374,3432,1396,0.1439917483238783,8,770,28906,18466,7670,3338,7745,12654,16801,21180
4,18500,0efa60a94bd36cd8,-30023.87117392402,3488,1424,0.14687983496647758,8,775,28901,18470,7666,3343,7738,12651,16813,21178
4,19000,5ccd42f420db2b89,-30010.75875155981,3542,1449,0.14945848375451262,8,789,28896,18470,7658,3356,7730,12649,16821,21180
4,19500,490e27f98dec5106,-30000.993642517493,3568,1466,0.15121196493037647,8,788,28896,18471,7660,3353,7734,12646,16821,21179
4,20000,be5eeb387dc93f81,-29987.700432828256,3586,1481,0.15275915420319752,8,794,28897,18478,7658,3347,7736,12640,16818,21186
