replicate,scenario,parameter,truth_irr,posterior_median_irr,posterior_lower_95,posterior_upper_95,bias_irr,relative_bias_percent,squared_error_irr,interval_width,truth_covered_by_95_interval,r_hat,ess_bulk,ess_tail
1,baseline_rate_3_4_kappa_10,primary_rurality_metro_other,1.12,1.0362481214291182,0.7616328695313148,1.3885285524336628,-0.0837518785708819,-7.477846300971603,0.0070143771641517,0.626895682902348,True,1.014215603050214,227.60978463044069,626.5305581074145
1,baseline_rate_3_4_kappa_10,primary_rurality_nonmetro_adjacent,1.27,1.4743239726922233,1.0101646909424864,2.141710724822022,0.2043239726922232,16.088501786789223,0.0417482858167323,1.1315460338795358,True,1.0236479879797813,162.33705920084867,380.1970956425193
1,baseline_rate_3_4_kappa_10,primary_rurality_nonmetro_nonadjacent,1.23,1.2681292090818477,0.8717358868588715,1.8644092408306483,0.0381292090818474,3.099935697711187,0.0014538365852072,0.992673353971777,True,1.0155468102255212,132.57317814188056,274.4170389589976
1,baseline_rate_3_4_kappa_10,svi_quartile_Q2,1.1,0.8141148244752892,0.6148268274523567,1.08711040815564,-0.2858851755247109,-25.98956141133736,0.0817303335847947,0.4722835807032832,False,1.0142507386246198,352.1674002929103,814.3801302852589
1,baseline_rate_3_4_kappa_10,svi_quartile_Q3,1.25,1.009684642510804,0.7631383151570853,1.306769071038236,-0.2403153574891958,-19.22522859913567,0.05775147104516,0.5436307558811507,True,1.0195140745512568,254.30341928444045,633.8571189472123
1,baseline_rate_3_4_kappa_10,svi_quartile_Q4_highest,1.43,1.2718377475209603,0.92007724613677,1.7543042100847224,-0.1581622524790396,-11.060297376156614,0.0250152981092434,0.8342269639479525,True,1.0180434630770112,174.5218338404414,627.2828485635704
2,lower_rate_2_4_kappa_10,primary_rurality_metro_other,1.12,1.3511610492479509,1.0019464012352894,1.83687724390882,0.2311610492479505,20.63937939713845,0.0534354306894134,0.8349308426735302,True,1.0079212529024335,268.68772645914026,784.5966008481267
2,lower_rate_2_4_kappa_10,primary_rurality_nonmetro_adjacent,1.27,1.2360648919647814,0.8113693527333756,1.8200941316489383,-0.0339351080352186,-2.672055750804614,0.0011515915573619,1.008724778915563,True,1.0091608894870774,167.08007693458188,316.17473311520115
2,lower_rate_2_4_kappa_10,primary_rurality_nonmetro_nonadjacent,1.23,1.2955951326951267,0.8555719650301157,1.926280684423454,0.0655951326951267,5.332937617489986,0.0043027214332912,1.0707087193933384,True,1.007194017929762,197.05383838166324,537.3604674205072
2,lower_rate_2_4_kappa_10,svi_quartile_Q2,1.1,1.021316516016748,0.7668379367789854,1.420835794927932,-0.0786834839832522,-7.153043998477471,0.0061910906517427,0.6539978581489466,True,1.017978693602923,293.33164635988874,418.83020393507
2,lower_rate_2_4_kappa_10,svi_quartile_Q3,1.25,1.2406844611118482,0.9626018895904942,1.627370456473368,-0.0093155388881518,-0.7452431110521518,8.677926477666926e-05,0.6647685668828738,True,1.0119741552009478,316.3427912683998,638.8772527119287
2,lower_rate_2_4_kappa_10,svi_quartile_Q4_highest,1.43,1.357089868507479,0.9622324172328016,1.953378962194737,-0.0729101314925209,-5.098610593882579,0.0053158872742566,0.9911465449619352,True,1.0100017473798757,223.28453436407955,445.23996099473175
3,higher_rate_5_0_kappa_10,primary_rurality_metro_other,1.12,0.9265469688857352,0.7186655370008238,1.191784430918997,-0.193453031114265,-17.27259206377366,0.0374240752472967,0.4731188939181735,True,1.0142879528908173,301.3670680327973,1026.3870465532132
3,higher_rate_5_0_kappa_10,primary_rurality_nonmetro_adjacent,1.27,1.2534847756105765,0.9207417843936624,1.7045814061486078,-0.0165152243894235,-1.3004113692459462,0.000272752636633,0.7838396217549453,True,1.0214425365179345,174.768128763524,418.2400175956959
3,higher_rate_5_0_kappa_10,primary_rurality_nonmetro_nonadjacent,1.23,1.3495252951557593,0.965309450880377,1.8397946995492576,0.1195252951557592,9.717503671199946,0.0142862961820713,0.8744852486688806,True,1.0307801374459638,150.81601209373522,350.2222817609241
3,higher_rate_5_0_kappa_10,svi_quartile_Q2,1.1,1.179046960665738,0.9333669007830584,1.4928856265279815,0.079046960665738,7.186087333248903,0.0062484219904907,0.5595187257449232,True,1.003292261356692,436.6424336128524,1019.2709042183524
3,higher_rate_5_0_kappa_10,svi_quartile_Q3,1.25,1.2326351737597294,0.990970035600392,1.5037882519682022,-0.0173648262402705,-1.389186099221651,0.0003015371903547,0.5128182163678102,True,1.005287668074208,392.81279259480846,884.0632436852566
3,higher_rate_5_0_kappa_10,svi_quartile_Q4_highest,1.43,1.4373861417539917,1.0781199772274603,1.9351273933135769,0.0073861417539917,0.5165134093700452,5.455509001006063e-05,0.8570074160861163,True,1.031121386070774,163.34087739702733,470.8455999588869
4,baseline_rate_3_4_kappa_4,primary_rurality_metro_other,1.12,1.0125922908802183,0.72691203257544,1.3805634554704531,-0.1074077091197818,-9.58997402855195,0.0115364159783596,0.6536514228950131,True,1.007553063604619,209.6865132934514,783.058689563049
4,baseline_rate_3_4_kappa_4,primary_rurality_nonmetro_adjacent,1.27,1.2924439295047807,0.8457041420653177,1.9070532635937985,0.0224439295047806,1.7672385436835247,0.0005037299716155,1.0613491215284805,True,1.022627755718395,162.16960539495383,464.5657199696138
4,baseline_rate_3_4_kappa_4,primary_rurality_nonmetro_nonadjacent,1.23,1.430880521648366,0.9209502835962752,2.196063667637516,0.200880521648366,16.331749727509436,0.0403529839777196,1.2751133840412407,True,1.008511771047408,147.8159336912367,419.0393512648313
4,baseline_rate_3_4_kappa_4,svi_quartile_Q2,1.1,1.191913431597234,0.8700221204630485,1.634517891653408,0.0919134315972338,8.355766508839446,0.0084480789079793,0.7644957711903595,True,1.016267615884935,329.09641717825974,746.7070491124928
4,baseline_rate_3_4_kappa_4,svi_quartile_Q3,1.25,1.516216983360319,1.1029036801032834,2.06152595195233,0.2662169833603189,21.29735866882552,0.0708714822294683,0.9586222718490464,True,1.0159907073206766,266.9627217983768,516.7545752874273
4,baseline_rate_3_4_kappa_4,svi_quartile_Q4_highest,1.43,1.4484566674436363,0.99090789930334,2.113070724589872,0.0184566674436363,1.2906760450095422,0.0003406485731249,1.1221628252865317,True,1.0135646283999356,199.38301116606036,445.7153134393803
5,baseline_rate_3_4_kappa_10,primary_rurality_metro_other,1.12,0.9959804934818316,0.7355400109150968,1.3192769533562516,-0.1240195065181685,-11.07317022483647,0.01538083799701,0.5837369424411548,True,1.0039276828416903,302.723839111723,618.02495030854
5,baseline_rate_3_4_kappa_10,primary_rurality_nonmetro_adjacent,1.27,1.2628801233871354,0.8631338425847053,1.817846168124579,-0.0071198766128646,-0.5606202057373721,5.069264298241654e-05,0.9547123255398736,True,1.0106118330127716,188.28226912438575,359.19048571470984
5,baseline_rate_3_4_kappa_10,primary_rurality_nonmetro_nonadjacent,1.23,1.1448377789350508,0.8012531211172622,1.6725439484019762,-0.0851622210649492,-6.92375781015847,0.0072526038967152,0.871290827284714,True,1.0075458066950764,209.967974085164,372.2745133456246
5,baseline_rate_3_4_kappa_10,svi_quartile_Q2,1.1,0.9991288076922136,0.7507877258710328,1.2939793140916074,-0.1008711923077865,-9.17010839161696,0.0101749974375944,0.5431915882205746,True,1.0077084726393408,311.08836546399635,710.8826510736561
5,baseline_rate_3_4_kappa_10,svi_quartile_Q3,1.25,1.1490793515967594,0.8872466922692881,1.4456053723094582,-0.1009206484032405,-8.073651872259246,0.0101849772741305,0.5583586800401701,True,1.0042604273780094,341.4102498087343,606.7725573429572
5,baseline_rate_3_4_kappa_10,svi_quartile_Q4_highest,1.43,1.233003908369298,0.8984869080745641,1.627562231683669,-0.1969960916307018,-13.775950463685447,0.0388074601177718,0.729075323609105,True,1.0094695049348912,275.7320827904828,544.5800128669412
6,lower_rate_2_4_kappa_10,primary_rurality_metro_other,1.12,1.2856346757769606,0.9486323863722572,1.7301960730090795,0.1656346757769604,14.788810337228607,0.0274348458197388,0.7815636866368223,True,1.0031103093140674,306.0925744532665,727.9222302370595
6,lower_rate_2_4_kappa_10,primary_rurality_nonmetro_adjacent,1.27,1.4144041123408717,0.9589902241430348,2.1199263780452604,0.1444041123408714,11.370402546525304,0.020852547660955,1.1609361539022256,True,1.0135735959748298,160.19123163625835,362.3419971249824
6,lower_rate_2_4_kappa_10,primary_rurality_nonmetro_nonadjacent,1.23,1.020904733241291,0.6778351471929379,1.5477816494411916,-0.2090952667587089,-16.999615183634877,0.0437208305808956,0.8699465022482537,True,1.017018732984086,136.1269203603806,285.49995224836164
6,lower_rate_2_4_kappa_10,svi_quartile_Q2,1.1,1.0613740230162054,0.7747009917786003,1.494446276694739,-0.0386259769837946,-3.511452453072239,0.0014919660979526,0.7197452849161388,True,1.0191156564012147,235.54191145304208,419.5724539666529
6,lower_rate_2_4_kappa_10,svi_quartile_Q3,1.25,1.232959758044024,0.9147540414180876,1.6254695786239914,-0.0170402419559758,-1.3632193564780737,0.0002903698459182,0.7107155372059037,True,1.009465011488585,253.5452312175561,534.758615281519
6,lower_rate_2_4_kappa_10,svi_quartile_Q4_highest,1.43,1.559016333884408,1.1319763884679137,2.165800055071327,0.1290163338844079,9.02212125065789,0.016645214408973,1.0338236666034135,True,1.0148394494271396,192.24309164034327,459.38987284728057
7,higher_rate_5_0_kappa_10,primary_rurality_metro_other,1.12,1.1226129061209151,0.8594864567058407,1.4654358699920536,0.002612906120915,0.2332951893674106,6.827278396715209e-06,0.6059494132862129,True,1.0126388543992657,258.42841110300014,791.0644583406544
7,higher_rate_5_0_kappa_10,primary_rurality_nonmetro_adjacent,1.27,1.160099058591281,0.8637355241479286,1.6326603943715727,-0.109900941408719,-8.653617433757411,0.0120782169225227,0.7689248702236441,True,1.0103467248420277,196.44790849667336,336.99485127421985
7,higher_rate_5_0_kappa_10,primary_rurality_nonmetro_nonadjacent,1.23,1.239573538242403,0.8782983722372655,1.7521369583772397,0.0095735382424029,0.7783364424717831,9.165263447875126e-05,0.8738385861399742,True,1.0200141217255785,150.36009866384603,294.46385925742663
7,higher_rate_5_0_kappa_10,svi_quartile_Q2,1.1,1.1795936329216383,0.9102473445290546,1.5115482060968093,0.0795936329216382,7.235784811058021,0.0063351464016644,0.6013008615677546,True,1.0133467229988289,273.8196634972175,681.039202291124
7,higher_rate_5_0_kappa_10,svi_quartile_Q3,1.25,1.1857538420383038,0.9257172094559944,1.5282582030215066,-0.0642461579616962,-5.1396926369357,0.0041275688128392,0.6025409935655123,True,1.022284937580108,253.00745607712523,650.1260483778901
7,higher_rate_5_0_kappa_10,svi_quartile_Q4_highest,1.43,1.1162048672087628,0.8293312836649518,1.5100710299988536,-0.3137951327912371,-21.9437155798068,0.0984673853634701,0.6807397463339018,True,1.0162150925712845,208.63991681977984,549.3056620622833
8,baseline_rate_3_4_kappa_4,primary_rurality_metro_other,1.12,1.0506656853267715,0.7423527219071651,1.4560644328854393,-0.0693343146732285,-6.190563810109695,0.0048072471912062,0.7137117109782742,True,1.0159566952890873,300.5688756171569,654.2100686781283
8,baseline_rate_3_4_kappa_4,primary_rurality_nonmetro_adjacent,1.27,1.0282524459610365,0.6827193911436024,1.5931933385367512,-0.2417475540389637,-19.035240475508957,0.0584418798838217,0.9104739473931488,True,1.0177259891032768,194.46305675411784,350.8813181914654
8,baseline_rate_3_4_kappa_4,primary_rurality_nonmetro_nonadjacent,1.23,1.0211674079149482,0.6668864920321766,1.5625869135213228,-0.2088325920850517,-16.978259519109905,0.0436110515169616,0.8957004214891462,True,1.0304385395332334,173.111272498955,391.9065817764461
8,baseline_rate_3_4_kappa_4,svi_quartile_Q2,1.1,1.1235659387048085,0.8138597272917841,1.4822049659848624,0.0235659387048083,2.14235806407348,0.0005553534670387,0.6683452386930783,True,1.0019816224054003,361.446293524834,825.942271863172
8,baseline_rate_3_4_kappa_4,svi_quartile_Q3,1.25,1.236434634329593,0.9149613785997304,1.6638147952971627,-0.0135653656704068,-1.085229253632547,0.0001840191457718,0.7488534166974323,True,1.013415591929272,265.7013064685732,627.2177568973071
8,baseline_rate_3_4_kappa_4,svi_quartile_Q4_highest,1.43,1.4540206454659788,1.0251204432215222,2.155630519286796,0.0240206454659788,1.6797654172013177,0.0005769914086022,1.130510076065274,True,1.0246870890127746,198.6366341521975,283.2079155350972
9,baseline_rate_3_4_kappa_10,primary_rurality_metro_other,1.12,1.650795099669772,1.2758567932339402,2.1039635470681826,0.5307950996697719,47.39241961337248,0.2817434378334431,0.8281067538342424,False,1.0104970517979652,271.8363009530356,729.166774982567
9,baseline_rate_3_4_kappa_10,primary_rurality_nonmetro_adjacent,1.27,2.2856883076984573,1.6209369715306308,3.200279628550928,1.0156883076984573,79.97545729909112,1.031622738395356,1.579342657020297,False,1.0250779819759992,171.3591840623642,382.4543945845489
9,baseline_rate_3_4_kappa_10,primary_rurality_nonmetro_nonadjacent,1.23,1.347901740917695,0.9111190601044076,1.989206996016071,0.117901740917695,9.585507391682512,0.0139008205114232,1.0780879359116633,True,1.0126484674282292,162.9926566843121,299.6398627001937
9,baseline_rate_3_4_kappa_10,svi_quartile_Q2,1.1,1.0736859036251496,0.8399733499201796,1.3972474202034135,-0.0263140963748504,-2.392190579531861,0.0006924316680249,0.5572740702832342,True,1.0136555907298834,394.1268121139552,731.295528133614
9,baseline_rate_3_4_kappa_10,svi_quartile_Q3,1.25,1.041361466850144,0.8249443066481976,1.30580348590351,-0.2086385331498559,-16.691082651988477,0.0435300375149235,0.4808591792553123,True,1.0046182817083102,330.7271843350792,633.3776687049686
9,baseline_rate_3_4_kappa_10,svi_quartile_Q4_highest,1.43,1.0848196170060076,0.8090304521432277,1.470512239817697,-0.3451803829939923,-24.13848832125821,0.1191494968038792,0.6614817876744694,True,1.010664318333658,223.7744597272865,438.09206853328425
10,lower_rate_2_4_kappa_10,primary_rurality_metro_other,1.12,1.3259783707300827,0.972745967968354,1.8308225885705407,0.2059783707300826,18.39092595804308,0.0424270892086193,0.8580766206021873,True,1.0115857994076325,302.0047512413668,646.6740924575112
10,lower_rate_2_4_kappa_10,primary_rurality_nonmetro_adjacent,1.27,1.5605930281061575,1.023680246774521,2.2900789441531284,0.2905930281061577,22.88134079576045,0.0844443079839061,1.2663986973786074,True,1.030640711954588,187.3091240846836,361.2286395844719
10,lower_rate_2_4_kappa_10,primary_rurality_nonmetro_nonadjacent,1.23,1.4151692554381556,0.954496477253404,2.042005768186457,0.1851692554381556,15.054411011232173,0.0342876531595209,1.0875092909330533,True,1.022198200691098,216.4585554631981,437.12111928283423
10,lower_rate_2_4_kappa_10,svi_quartile_Q2,1.1,1.6403199531386266,1.212566393112556,2.258222973763599,0.5403199531386265,49.11999573987514,0.2919456517597275,1.0456565806510432,False,1.017242103837159,228.75919234319028,518.5881996108595
10,lower_rate_2_4_kappa_10,svi_quartile_Q3,1.25,1.3871720683996798,1.0395959448400576,1.8725023729203456,0.1371720683996797,10.973765471974373,0.0188161763490464,0.832906428080288,True,1.0157509411267724,278.1081442304976,726.9486230174768
10,lower_rate_2_4_kappa_10,svi_quartile_Q4_highest,1.43,1.934133968182921,1.3671367393509783,2.780809471821214,0.5041339681829211,35.254123649155325,0.2541510578758585,1.4136727324702358,True,1.012815162590465,232.3165508912345,502.406004512377
11,higher_rate_5_0_kappa_10,primary_rurality_metro_other,1.12,1.1079075827756375,0.8753374041462001,1.396875568164379,-0.0120924172243626,-1.079680109318093,0.000146226554328,0.5215381640181789,True,1.0119431526903055,289.2093186604608,773.767129714534
11,higher_rate_5_0_kappa_10,primary_rurality_nonmetro_adjacent,1.27,1.51142244545817,1.1334346430249718,1.979264331368452,0.2414224454581699,19.009641374659054,0.058284797171003,0.8458296883434802,True,1.0186480733959122,178.1511219571791,623.0937707063227
11,higher_rate_5_0_kappa_10,primary_rurality_nonmetro_nonadjacent,1.23,1.0016706768499717,0.7462327346136383,1.358568741942432,-0.2283293231500285,-18.56335960569337,0.0521342798101501,0.6123360073287937,True,1.027260637817496,163.9170225401608,411.3918346657309
11,higher_rate_5_0_kappa_10,svi_quartile_Q2,1.1,1.0040315064709922,0.8133298624391473,1.2561962441544292,-0.0959684935290079,-8.724408502637083,0.0092099517502272,0.4428663817152819,True,1.0141868378503838,418.6222858964552,1032.1567239294577
11,higher_rate_5_0_kappa_10,svi_quartile_Q3,1.25,1.1614189946901738,0.94351290237463,1.4270058635009306,-0.0885810053098261,-7.086480424786091,0.0078465945016994,0.4834929611263007,True,1.0185755981507312,311.0967822456715,877.7704555635497
11,higher_rate_5_0_kappa_10,svi_quartile_Q4_highest,1.43,1.229057883300022,0.9323896745829532,1.6167775760866885,-0.2009421166999778,-14.051896272725727,0.0403777342638675,0.6843879015037352,True,1.019212588523308,241.9222878134302,538.071636552071
12,baseline_rate_3_4_kappa_4,primary_rurality_metro_other,1.12,1.0429763859233805,0.7473903475380564,1.4290690523360166,-0.0770236140766196,-6.877108399698184,0.005932637125424,0.6816787047979601,True,1.0121572958887128,326.3515159048319,894.5438502108598
12,baseline_rate_3_4_kappa_4,primary_rurality_nonmetro_adjacent,1.27,1.2521001037699453,0.815295576609253,1.9177161108924083,-0.0178998962300547,-1.409440648035809,0.0003204062850467,1.1024205342831557,True,1.0180565918149107,146.02649511777847,287.4563839872459
12,baseline_rate_3_4_kappa_4,primary_rurality_nonmetro_nonadjacent,1.23,1.3909526559161949,0.8695495374304048,2.131549077217805,0.1609526559161946,13.085581781804455,0.0259057574464769,1.2619995397874004,True,1.0239868302669664,153.9145865797706,350.82444129496406
12,baseline_rate_3_4_kappa_4,svi_quartile_Q2,1.1,1.0505846915373662,0.7439408028432836,1.4907815147577974,-0.0494153084626338,-4.492300769330349,0.0024418727104572,0.7468407119145138,True,1.0158485632966143,240.2332032301315,498.4736621050329
12,baseline_rate_3_4_kappa_4,svi_quartile_Q3,1.25,1.4318500917198067,1.0603753997653789,1.9500203029331864,0.1818500917198067,14.548007337584544,0.0330694558585021,0.8896449031678075,True,1.0087263159352382,296.36183684207737,724.8673548125468
12,baseline_rate_3_4_kappa_4,svi_quartile_Q4_highest,1.43,1.6275729551223552,1.1098455798847733,2.3515273124907514,0.1975729551223553,13.81629056799687,0.0390350725957802,1.241681732605978,True,1.012298727137217,238.30292746021357,548.9433535473282
13,baseline_rate_3_4_kappa_10,primary_rurality_metro_other,1.12,1.1711282190337866,0.89981786359454,1.5126606326241734,0.0511282190337865,4.565019556588079,0.0026140947815668,0.6128427690296334,True,1.016400772424192,262.0072365402717,750.2326606599773
13,baseline_rate_3_4_kappa_10,primary_rurality_nonmetro_adjacent,1.27,1.1040401038362289,0.7797696871526699,1.5703263268656211,-0.1659598961637711,-13.06770835935206,0.0275426871346897,0.7905566397129512,True,1.017194854522313,179.61407954397924,595.3874942763404
13,baseline_rate_3_4_kappa_10,primary_rurality_nonmetro_nonadjacent,1.23,1.1080871564458432,0.7924560916277621,1.5892142596364431,-0.1219128435541567,-9.91161329708592,0.0148627414234603,0.796758168008681,True,1.012491467892792,169.63480738285642,392.6709585873418
13,baseline_rate_3_4_kappa_10,svi_quartile_Q2,1.1,0.996929327150017,0.7616558007987138,1.332018044151971,-0.103070672849983,-9.370061168180277,0.0106235636017482,0.5703622433532571,True,1.0219988258238952,247.49708702936184,544.778690110562
13,baseline_rate_3_4_kappa_10,svi_quartile_Q3,1.25,1.0933214012752708,0.867573971874534,1.4190890380049552,-0.1566785987247292,-12.534287897978336,0.0245481832983447,0.5515150661304212,True,1.0171767518367856,238.16288328185615,671.9454969183498
13,baseline_rate_3_4_kappa_10,svi_quartile_Q4_highest,1.43,1.3422611261397497,1.0190684698316752,1.8853091584256787,-0.0877388738602504,-6.135585584632897,0.0076981099862649,0.8662406885940035,True,1.0157738057230954,161.166116705764,310.5667190854033
14,lower_rate_2_4_kappa_10,primary_rurality_metro_other,1.12,1.2089221055889663,0.8756778074558169,1.6473939362607588,0.0889221055889661,7.939473713300549,0.0079071408623752,0.7717161288049419,True,1.015179123407763,245.4953734853363,552.3649173751487
14,lower_rate_2_4_kappa_10,primary_rurality_nonmetro_adjacent,1.27,1.1423729029794014,0.7828485908062199,1.6877488476055718,-0.1276270970205986,-10.04937771815737,0.0162886758939052,0.9049002567993518,True,1.027378897538353,164.49442454297176,460.17373253127903
14,lower_rate_2_4_kappa_10,primary_rurality_nonmetro_nonadjacent,1.23,1.0512072542453947,0.7247827996803687,1.5623607514322595,-0.1787927457546052,-14.535995589805308,0.0319668459344709,0.8375779517518908,True,1.011966303907031,155.4178612850422,363.1086117178722
14,lower_rate_2_4_kappa_10,svi_quartile_Q2,1.1,0.9348851384916366,0.6945074280685484,1.237220615692872,-0.1651148615083635,-15.010441955305776,0.027262917490926,0.5427131876243236,True,1.012067583265636,336.3927263600629,758.750273948746
14,lower_rate_2_4_kappa_10,svi_quartile_Q3,1.25,1.02767970963524,0.7974652564239996,1.2997927969380028,-0.2223202903647598,-17.785623229180793,0.0494263115078711,0.5023275405140032,True,1.006846967164186,401.2760183562993,830.9704702628474
14,lower_rate_2_4_kappa_10,svi_quartile_Q4_highest,1.43,1.2572755911815647,0.9031558963220178,1.6978713080306551,-0.1727244088184352,-12.078629987303158,0.0298337214016779,0.7947154117086376,True,1.0060845766549054,207.95517156335504,485.1291942168414
15,higher_rate_5_0_kappa_10,primary_rurality_metro_other,1.12,1.097343002962046,0.867210860887935,1.3757787163303117,-0.0226569970379542,-2.0229461641030566,0.0005133395147778,0.5085678554423767,True,1.0079444869967993,432.0768752004592,910.3120378296196
15,higher_rate_5_0_kappa_10,primary_rurality_nonmetro_adjacent,1.27,1.2217323613746505,0.9160520920019096,1.5986891074517249,-0.0482676386253495,-3.8006014665629584,0.0023297649384673,0.6826370154498149,True,1.0040400692330034,312.2238354425231,567.6186732587657
15,higher_rate_5_0_kappa_10,primary_rurality_nonmetro_nonadjacent,1.23,1.468281087676066,1.076868857537688,1.93347193959403,0.2382810876760661,19.37244615252571,0.0567778767440891,0.8566030820563422,True,1.0098331830388767,263.42492424412706,400.5782553773577
15,higher_rate_5_0_kappa_10,svi_quartile_Q2,1.1,1.05125734513285,0.8268507548878291,1.3268296245397226,-0.0487426548671501,-4.431150442468191,0.0023758464034981,0.4999788696518935,True,1.0151636645913538,319.5476401899461,820.3347066041179
15,higher_rate_5_0_kappa_10,svi_quartile_Q3,1.25,1.335056098655374,1.0771222439027963,1.6800970542884264,0.0850560986553738,6.804487892429911,0.0072345399184726,0.6029748103856298,True,1.0140920045347623,312.9148587327209,797.4992940363435
15,higher_rate_5_0_kappa_10,svi_quartile_Q4_highest,1.43,1.3528859212463509,1.0444696696860982,1.7666244190759974,-0.077114078753649,-5.392592919835604,0.0059465811420239,0.7221547493898992,True,1.0112251255227855,302.07884145957195,669.7820813479408
16,baseline_rate_3_4_kappa_4,primary_rurality_metro_other,1.12,0.9556828950253656,0.6795562814662346,1.340407061428794,-0.1643171049746346,-14.671170087020949,0.027000110987245,0.6608507799625594,True,1.0127748150470162,272.2384628004423,683.1105010263826
16,baseline_rate_3_4_kappa_4,primary_rurality_nonmetro_adjacent,1.27,1.2489270777368864,0.8178630629620287,1.8858652411502044,-0.0210729222631136,-1.6592852175680073,0.0004440680527072,1.0680021781881757,True,1.022671584562001,207.8120231940197,590.9824233326045
16,baseline_rate_3_4_kappa_4,primary_rurality_nonmetro_nonadjacent,1.23,1.4001856969326902,0.9270586113578227,2.13567996953821,0.1701856969326902,13.836235522982944,0.0289631714404654,1.208621358180387,True,1.0343689196586123,168.93752616682647,365.9672287731588
16,baseline_rate_3_4_kappa_4,svi_quartile_Q2,1.1,1.2116415866828874,0.8571331968515497,1.6416890931167811,0.1116415866828872,10.149235152989757,0.0124638438770726,0.7845558962652315,True,1.008441425730818,264.9255835930597,448.461744517084
16,baseline_rate_3_4_kappa_4,svi_quartile_Q3,1.25,1.4428252401404502,1.0421260218052868,1.9380518378821256,0.1928252401404502,15.426019211236008,0.0371815732352222,0.8959258160768391,True,1.0129701990792026,276.6841480345629,420.1029299834023
16,baseline_rate_3_4_kappa_4,svi_quartile_Q4_highest,1.43,1.1582285572244204,0.799015085319445,1.6622399896449982,-0.2717714427755795,-19.004995998292276,0.0738597171083201,0.8632249043255532,True,1.0160825043159825,214.4668915088002,465.3547896570267
