replicate,truth_scenario,scenario,model_type,term,coefficient,irr,ci_low,ci_high,standard_error,n_rows,events,truth_irr,bias_irr,squared_error_irr,truth_covered_by_95_interval
1,baseline_rate_3_4_kappa_10,oracle_complete_counts,NB2_GLM_known_dispersion_HC0,primary_rurality_metro_other,0.1340746901627035,1.143478223029737,0.9090157702084158,1.4384155802307543,0.117075268445765,432,2801.0,1.12,0.0234782230297367,0.000551226956634,True
1,baseline_rate_3_4_kappa_10,oracle_complete_counts,NB2_GLM_known_dispersion_HC0,primary_rurality_nonmetro_adjacent,-0.1120800013492116,0.8939727356144641,0.6383395586255367,1.2519782633287002,0.1718392409784993,432,2801.0,1.27,-0.3760272643855359,0.1413965035612697,False
1,baseline_rate_3_4_kappa_10,oracle_complete_counts,NB2_GLM_known_dispersion_HC0,primary_rurality_nonmetro_nonadjacent,0.0857820168043808,1.0895687947291832,0.8024707176536552,1.479381281249419,0.156041801200605,432,2801.0,1.23,-0.1404312052708167,0.0197209234138142,True
1,baseline_rate_3_4_kappa_10,oracle_complete_counts,NB2_GLM_known_dispersion_HC0,svi_quartile_Q2,0.083128316939409,1.0866812392131178,0.8291429762557628,1.42421289147301,0.1380056057729135,432,2801.0,1.1,-0.0133187607868823,0.0001773893888981,True
1,baseline_rate_3_4_kappa_10,oracle_complete_counts,NB2_GLM_known_dispersion_HC0,svi_quartile_Q3,0.3561550110491002,1.4278288603600715,1.1429564995260115,1.783703277703566,0.1135391250602688,432,2801.0,1.25,0.1778288603600717,0.0316231035769618,True
1,baseline_rate_3_4_kappa_10,oracle_complete_counts,NB2_GLM_known_dispersion_HC0,svi_quartile_Q4_highest,0.4758200380480998,1.6093333711219682,1.2225760508965808,2.118439910145013,0.140234636884578,432,2801.0,1.43,0.1793333711219682,0.0321604579979695,True
1,baseline_rate_3_4_kappa_10,visible_exact_and_zero_only,NB2_GLM_known_dispersion_HC0,primary_rurality_metro_other,-3.893210313690488,0.0203798153070271,0.0013211694576578,0.3143706278866339,1.3959324837483615,215,2288.0,1.12,-1.099620184692973,1.209164550584208,False
1,baseline_rate_3_4_kappa_10,visible_exact_and_zero_only,NB2_GLM_known_dispersion_HC0,primary_rurality_nonmetro_adjacent,-39.16317102497689,9.809591670570607e-18,1.6533352660310628e-22,5.820240499335014e-13,5.607605306047792,215,2288.0,1.27,-1.27,1.6129,False
1,baseline_rate_3_4_kappa_10,visible_exact_and_zero_only,NB2_GLM_known_dispersion_HC0,primary_rurality_nonmetro_nonadjacent,-31.178813008944772,2.8788136810123374e-14,3.4866587856059856e-17,2.376936981673526e-11,3.426627378739968,215,2288.0,1.23,-1.2299999999999711,1.5128999999999289,False
1,baseline_rate_3_4_kappa_10,visible_exact_and_zero_only,NB2_GLM_known_dispersion_HC0,svi_quartile_Q2,-4.661588997584921,0.0094514321604872,0.000292985200527,0.3048944783682271,1.772346664686067,215,2288.0,1.1,-1.0905485678395128,1.1892961788168126,False
1,baseline_rate_3_4_kappa_10,visible_exact_and_zero_only,NB2_GLM_known_dispersion_HC0,svi_quartile_Q3,3.1965526497411814,24.448103580456305,4.021790433313436,148.6178304393361,0.9208293187968698,215,2288.0,1.25,23.198103580456305,538.1520097295796,False
1,baseline_rate_3_4_kappa_10,visible_exact_and_zero_only,NB2_GLM_known_dispersion_HC0,svi_quartile_Q4_highest,-1.4748678120515186,0.2288089708346949,0.0240862942025849,2.1735823989401304,1.1485941293342503,215,2288.0,1.43,-1.201191029165305,1.4428598885472046,True
1,baseline_rate_3_4_kappa_10,suppressed_equals_1,NB2_GLM_known_dispersion_HC0,primary_rurality_metro_other,-0.6731742502513021,0.5100868619325708,0.3549365027302429,0.7330567713233058,0.1850214902052962,432,2505.0,1.12,-0.6099131380674293,0.3719940359872591,False
1,baseline_rate_3_4_kappa_10,suppressed_equals_1,NB2_GLM_known_dispersion_HC0,primary_rurality_nonmetro_adjacent,-0.5736411557755486,0.5634700168087418,0.3872045648494589,0.819976024729677,0.1914086624947589,432,2505.0,1.27,-0.7065299831912583,0.4991846171482397,False
1,baseline_rate_3_4_kappa_10,suppressed_equals_1,NB2_GLM_known_dispersion_HC0,primary_rurality_nonmetro_nonadjacent,-0.5942675305810831,0.5519667165758951,0.3879539420289474,0.7853181091915329,0.1798985315994228,432,2505.0,1.23,-0.6780332834241048,0.4597291334308725,False
1,baseline_rate_3_4_kappa_10,suppressed_equals_1,NB2_GLM_known_dispersion_HC0,svi_quartile_Q2,0.0465946784222496,1.0476972686972963,0.7516018508507467,1.4604402125850413,0.1694608302655856,432,2505.0,1.1,-0.0523027313027035,0.0027355757017228,True
1,baseline_rate_3_4_kappa_10,suppressed_equals_1,NB2_GLM_known_dispersion_HC0,svi_quartile_Q3,0.4870327716258495,1.6274799436684464,1.256786432034609,2.107510790640132,0.1318748772290091,432,2505.0,1.25,0.3774799436684464,0.1424911078719334,False
1,baseline_rate_3_4_kappa_10,suppressed_equals_1,NB2_GLM_known_dispersion_HC0,svi_quartile_Q4_highest,0.545919510612799,1.7261949073884617,1.161600873356504,2.565208865316816,0.2021022416674452,432,2505.0,1.43,0.2961949073884617,0.0877314231628594,True
1,baseline_rate_3_4_kappa_10,suppressed_equals_5,NB2_GLM_known_dispersion_HC0,primary_rurality_metro_other,0.6359968911902889,1.888904235172892,1.491444271481327,2.392284631668023,0.1205366994853166,432,3373.0,1.12,0.7689042351728919,0.5912137228668098,False
1,baseline_rate_3_4_kappa_10,suppressed_equals_5,NB2_GLM_known_dispersion_HC0,primary_rurality_nonmetro_adjacent,0.8934237944345617,2.4434813236836805,1.7863726480950777,3.3423042977946302,0.159814634793484,432,3373.0,1.27,1.1734813236836803,1.377058417034403,False
1,baseline_rate_3_4_kappa_10,suppressed_equals_5,NB2_GLM_known_dispersion_HC0,primary_rurality_nonmetro_nonadjacent,0.9861530084159832,2.680901204724109,2.0146081029964877,3.5675580073370288,0.1457797560005011,432,3373.0,1.23,1.4509012047241092,2.105114305869872,False
1,baseline_rate_3_4_kappa_10,suppressed_equals_5,NB2_GLM_known_dispersion_HC0,svi_quartile_Q2,-0.0949718812087645,0.9093985052954396,0.6772540298417787,1.221115866415422,0.1503760033286945,432,3373.0,1.1,-0.1906014947045604,0.0363289297836125,True
1,baseline_rate_3_4_kappa_10,suppressed_equals_5,NB2_GLM_known_dispersion_HC0,svi_quartile_Q3,-0.1512782681382448,0.8596084637281987,0.6720942491412664,1.0994391216072434,0.1255502186003977,432,3373.0,1.25,-0.3903915362718013,0.1524055515926571,False
1,baseline_rate_3_4_kappa_10,suppressed_equals_5,NB2_GLM_known_dispersion_HC0,svi_quartile_Q4_highest,-0.2718277116877123,0.7619855309824993,0.5678755895614912,1.0224456907454549,0.1500128597074233,432,3373.0,1.43,-0.6680144690175006,0.4462433308167333,False
1,baseline_rate_3_4_kappa_10,suppressed_equals_9,NB2_GLM_known_dispersion_HC0,primary_rurality_metro_other,0.9244778307371868,2.5205517620151228,1.9254562758855127,3.2995717766043406,0.1374055431886397,432,4241.0,1.12,1.4005517620151229,1.9615452380836649,False
1,baseline_rate_3_4_kappa_10,suppressed_equals_9,NB2_GLM_known_dispersion_HC0,primary_rurality_nonmetro_adjacent,1.2190505923139945,3.3839734376331894,2.405012497320253,4.761420674265264,0.1742323940708232,432,4241.0,1.27,2.1139734376331893,4.468883695018684,False
1,baseline_rate_3_4_kappa_10,suppressed_equals_9,NB2_GLM_known_dispersion_HC0,primary_rurality_nonmetro_nonadjacent,1.351565339945326,3.8634684413370937,2.821647441152775,5.2899551444703325,0.1603287890728353,432,4241.0,1.23,2.6334684413370937,6.935156031518422,False
1,baseline_rate_3_4_kappa_10,suppressed_equals_9,NB2_GLM_known_dispersion_HC0,svi_quartile_Q2,-0.1368717527310982,0.8720820611032861,0.6249053435672226,1.2170277132801373,0.1700425195289973,432,4241.0,1.1,-0.2279179388967139,0.0519465868709262,True
1,baseline_rate_3_4_kappa_10,suppressed_equals_9,NB2_GLM_known_dispersion_HC0,svi_quartile_Q3,-0.324923393165679,0.7225827062955138,0.5466035397137825,0.9552184160950528,0.1424021104426174,432,4241.0,1.25,-0.5274172937044862,0.2781690016985642,False
1,baseline_rate_3_4_kappa_10,suppressed_equals_9,NB2_GLM_known_dispersion_HC0,svi_quartile_Q4_highest,-0.4746292478502449,0.6221156644331635,0.4483839409084192,0.8631618232111604,0.167079670808583,432,4241.0,1.43,-0.8078843355668365,0.6526770996542688,False
1,baseline_rate_3_4_kappa_10,population_favoring_feasible_allocation,NB2_GLM_known_dispersion_HC0,primary_rurality_metro_other,0.2077643040594775,1.2309230117987324,0.8991550593477107,1.6851058615794683,0.1602367773645774,432,2801.0,1.12,0.1109230117987323,0.0123039145465017,True
1,baseline_rate_3_4_kappa_10,population_favoring_feasible_allocation,NB2_GLM_known_dispersion_HC0,primary_rurality_nonmetro_adjacent,-0.1585674891504265,0.8533653689436886,0.5646613755101481,1.2896799471266656,0.2106946804789698,432,2801.0,1.27,-0.4166346310563114,0.1735844157954287,True
1,baseline_rate_3_4_kappa_10,population_favoring_feasible_allocation,NB2_GLM_known_dispersion_HC0,primary_rurality_nonmetro_nonadjacent,0.085407745099311,1.0891610762620916,0.7308635480924806,1.6231098857516033,0.2035389012611556,432,2801.0,1.23,-0.1408389237379084,0.0198356024396523,True
1,baseline_rate_3_4_kappa_10,population_favoring_feasible_allocation,NB2_GLM_known_dispersion_HC0,svi_quartile_Q2,0.0549339551591863,1.0564708379230074,0.7694263135952187,1.450601066873465,0.1617571654378515,432,2801.0,1.1,-0.0435291620769926,0.001894787951125,True
1,baseline_rate_3_4_kappa_10,population_favoring_feasible_allocation,NB2_GLM_known_dispersion_HC0,svi_quartile_Q3,0.2551817686248022,1.290696207626686,0.9657137408434304,1.7250419352291253,0.147994689714686,432,2801.0,1.25,0.0406962076266859,0.0016561813151943,True
1,baseline_rate_3_4_kappa_10,population_favoring_feasible_allocation,NB2_GLM_known_dispersion_HC0,svi_quartile_Q4_highest,0.4642094956980968,1.5907561921135354,1.1134083913758102,2.2727556953479358,0.1820324297176664,432,2801.0,1.43,0.1607561921135354,0.0258425533028439,True
2,lower_rate_2_4_kappa_10,oracle_complete_counts,NB2_GLM_known_dispersion_HC0,primary_rurality_metro_other,0.2350830292633548,1.2650137975363425,0.945315889775052,1.692830857141434,0.1486322253647547,432,1992.0,1.12,0.1450137975363423,0.0210290014759112,True
2,lower_rate_2_4_kappa_10,oracle_complete_counts,NB2_GLM_known_dispersion_HC0,primary_rurality_nonmetro_adjacent,0.3678881858907069,1.4446804942798783,1.001377210076291,2.0842313061965387,0.1869958792338723,432,1992.0,1.27,0.1746804942798783,0.0305132750818626,True
2,lower_rate_2_4_kappa_10,oracle_complete_counts,NB2_GLM_known_dispersion_HC0,primary_rurality_nonmetro_nonadjacent,0.5843804853032982,1.7938793067301153,1.238125782159316,2.5990921225323795,0.1891743444407869,432,1992.0,1.23,0.5638793067301153,0.3179598725584355,False
2,lower_rate_2_4_kappa_10,oracle_complete_counts,NB2_GLM_known_dispersion_HC0,svi_quartile_Q2,0.0282188474203191,1.0286207707929156,0.7866884239275417,1.344955204532239,0.1368070713767153,432,1992.0,1.1,-0.0713792292070845,0.0050949943621975,True
2,lower_rate_2_4_kappa_10,oracle_complete_counts,NB2_GLM_known_dispersion_HC0,svi_quartile_Q3,0.0201382437987478,1.0203423862846497,0.8000115940099508,1.3013543716668974,0.1241159707681298,432,1992.0,1.25,-0.2296576137153505,0.0527426195374291,True
2,lower_rate_2_4_kappa_10,oracle_complete_counts,NB2_GLM_known_dispersion_HC0,svi_quartile_Q4_highest,-0.0463039469559968,0.9547517242041682,0.7176939847504641,1.2701107634164863,0.1456163565877737,432,1992.0,1.43,-0.4752482757958317,0.2258609236469109,False
2,lower_rate_2_4_kappa_10,visible_exact_and_zero_only,NB2_GLM_known_dispersion_HC0,primary_rurality_metro_other,-363.66844670840834,1.1502714806562734e-158,0.0,inf,1455607.866671258,234,1569.0,1.12,-1.12,1.2544000000000002,True
2,lower_rate_2_4_kappa_10,visible_exact_and_zero_only,NB2_GLM_known_dispersion_HC0,primary_rurality_nonmetro_adjacent,-1178.1458135250189,0.0,0.0,inf,43924284323456.22,234,1569.0,1.27,-1.27,1.6129,True
2,lower_rate_2_4_kappa_10,visible_exact_and_zero_only,NB2_GLM_known_dispersion_HC0,primary_rurality_nonmetro_nonadjacent,-1576.98740890741,0.0,0.0,inf,43546299370130.91,234,1569.0,1.23,-1.23,1.5129,True
2,lower_rate_2_4_kappa_10,visible_exact_and_zero_only,NB2_GLM_known_dispersion_HC0,svi_quartile_Q2,-311.2028401052041,7.019784657420844e-136,0.0,inf,3893999.1169488,234,1569.0,1.1,-1.1,1.2100000000000002,True
2,lower_rate_2_4_kappa_10,visible_exact_and_zero_only,NB2_GLM_known_dispersion_HC0,svi_quartile_Q3,276.64070480807817,1.3916549477108613e+120,0.0,inf,2267966.395702936,234,1569.0,1.25,1.3916549477108613e+120,1.9367034934881204e+240,True
2,lower_rate_2_4_kappa_10,visible_exact_and_zero_only,NB2_GLM_known_dispersion_HC0,svi_quartile_Q4_highest,-14.171619774105183,7.003961214963811e-07,0.0,inf,3873038.764965307,234,1569.0,1.43,-1.4299992996038784,2.044897996867583,True
2,lower_rate_2_4_kappa_10,suppressed_equals_1,NB2_GLM_known_dispersion_HC0,primary_rurality_metro_other,-0.3918965962019107,0.6757739879449496,0.4881891951606429,0.9354375051925296,0.1658957433979846,432,1767.0,1.12,-0.4442260120550505,0.1973367497863339,False
2,lower_rate_2_4_kappa_10,suppressed_equals_1,NB2_GLM_known_dispersion_HC0,primary_rurality_nonmetro_adjacent,0.0242743640917776,1.0245713849289946,0.7054498505689426,1.4880526545844486,0.1904050805298522,432,1767.0,1.27,-0.2454286150710054,0.0602352050956717,True
2,lower_rate_2_4_kappa_10,suppressed_equals_1,NB2_GLM_known_dispersion_HC0,primary_rurality_nonmetro_nonadjacent,0.1081316265090477,1.114194393253267,0.7715160973500922,1.6090774388517914,0.1875149841338166,432,1767.0,1.23,-0.115805606746733,0.0134109385539789,True
2,lower_rate_2_4_kappa_10,suppressed_equals_1,NB2_GLM_known_dispersion_HC0,svi_quartile_Q2,0.1261458601356968,1.134447626900624,0.8020180025875103,1.604666496298545,0.1769235124421713,432,1767.0,1.1,0.0344476269006239,0.0011866389990845,True
2,lower_rate_2_4_kappa_10,suppressed_equals_1,NB2_GLM_known_dispersion_HC0,svi_quartile_Q3,0.4470113530276745,1.5636320511435986,1.1818507810757315,2.068742713135177,0.1428212677335623,432,1767.0,1.25,0.3136320511435986,0.0983650635045408,True
2,lower_rate_2_4_kappa_10,suppressed_equals_1,NB2_GLM_known_dispersion_HC0,svi_quartile_Q4_highest,0.4240960830882414,1.5282084217147385,1.0615935278823776,2.1999201378501736,0.1858800896122135,432,1767.0,1.43,0.0982084217147385,0.0096448940956999,True
2,lower_rate_2_4_kappa_10,suppressed_equals_5,NB2_GLM_known_dispersion_HC0,primary_rurality_metro_other,1.0380325732730336,2.8236562092131776,2.138416498983742,3.728475903369257,0.1418198836153498,432,2559.0,1.12,1.7036562092131775,2.902444479190614,False
2,lower_rate_2_4_kappa_10,suppressed_equals_5,NB2_GLM_known_dispersion_HC0,primary_rurality_nonmetro_adjacent,1.2791521466522997,3.593591594903977,2.549744443864696,5.064782308689206,0.1750811278553109,432,2559.0,1.27,2.323591594903977,5.399077899908408,False
2,lower_rate_2_4_kappa_10,suppressed_equals_5,NB2_GLM_known_dispersion_HC0,primary_rurality_nonmetro_nonadjacent,1.479285304257921,4.389807183014557,2.9519847680181126,6.527949369123561,0.202452835417587,432,2559.0,1.23,3.1598071830145567,9.984381433830388,False
2,lower_rate_2_4_kappa_10,suppressed_equals_5,NB2_GLM_known_dispersion_HC0,svi_quartile_Q2,-0.2043598189050501,0.8151690051922632,0.5791242904415094,1.1474229591018297,0.1744277252888433,432,2559.0,1.1,-0.2848309948077369,0.081128695603165,True
2,lower_rate_2_4_kappa_10,suppressed_equals_5,NB2_GLM_known_dispersion_HC0,svi_quartile_Q3,-0.2849629573766293,0.7520421114161215,0.5665913810150945,0.99819262398584,0.1444662990243741,432,2559.0,1.25,-0.4979578885838784,0.2479620588029143,False
2,lower_rate_2_4_kappa_10,suppressed_equals_5,NB2_GLM_known_dispersion_HC0,svi_quartile_Q4_highest,-0.5066330697824819,0.6025208130199728,0.4385623528503705,0.8277758630278709,0.1620511284256951,432,2559.0,1.43,-0.8274791869800271,0.6847218048851267,False
2,lower_rate_2_4_kappa_10,suppressed_equals_9,NB2_GLM_known_dispersion_HC0,primary_rurality_metro_other,1.308508025665307,3.7006483190490154,2.688107767783999,5.094586662561489,0.1630971998094523,432,3351.0,1.12,2.5806483190490144,6.659745746610503,False
2,lower_rate_2_4_kappa_10,suppressed_equals_9,NB2_GLM_known_dispersion_HC0,primary_rurality_nonmetro_adjacent,1.5375765944616029,4.653299763356085,3.1653753501070536,6.840641722605656,0.1965841591155686,432,3351.0,1.27,3.3832997633560846,11.446717288725338,False
2,lower_rate_2_4_kappa_10,suppressed_equals_9,NB2_GLM_known_dispersion_HC0,primary_rurality_nonmetro_nonadjacent,1.7924061576241157,6.003881385264502,3.774122250461872,9.550986771537207,0.2368562848944927,432,3351.0,1.23,4.773881385264502,22.789943480574923,False
2,lower_rate_2_4_kappa_10,suppressed_equals_9,NB2_GLM_known_dispersion_HC0,svi_quartile_Q2,-0.2611387814893653,0.7701740262994036,0.5231788541624686,1.1337767688180138,0.1972924053687162,432,3351.0,1.1,-0.3298259737005965,0.1087851729275465,True
2,lower_rate_2_4_kappa_10,suppressed_equals_9,NB2_GLM_known_dispersion_HC0,svi_quartile_Q3,-0.424790017369824,0.6539070798431065,0.4699703029179376,0.9098329541549818,0.1685182419313605,432,3351.0,1.25,-0.5960929201568935,0.3553267694611726,False
2,lower_rate_2_4_kappa_10,suppressed_equals_9,NB2_GLM_known_dispersion_HC0,svi_quartile_Q4_highest,-0.706898791578321,0.4931712552249275,0.342088443877526,0.7109795473453848,0.1866261101762387,432,3351.0,1.43,-0.9368287447750724,0.8776480970368379,False
2,lower_rate_2_4_kappa_10,population_favoring_feasible_allocation,NB2_GLM_known_dispersion_HC0,primary_rurality_metro_other,0.3238234076189735,1.382403163696964,0.9598118616519076,1.9910553133927056,0.1861435708118608,432,1992.0,1.12,0.2624031636969639,0.0688554203181756,True
2,lower_rate_2_4_kappa_10,population_favoring_feasible_allocation,NB2_GLM_known_dispersion_HC0,primary_rurality_nonmetro_adjacent,0.2167739666455534,1.242063322666939,0.7850052665841201,1.9652368757058796,0.2341014381854238,432,1992.0,1.27,-0.0279366773330609,0.0007804579404115,True
2,lower_rate_2_4_kappa_10,population_favoring_feasible_allocation,NB2_GLM_known_dispersion_HC0,primary_rurality_nonmetro_nonadjacent,0.3684355372599265,1.4454714585744548,0.927104931839774,2.253669100224847,0.2265939091845029,432,1992.0,1.23,0.2154714585744548,0.046427949460203,True
2,lower_rate_2_4_kappa_10,population_favoring_feasible_allocation,NB2_GLM_known_dispersion_HC0,svi_quartile_Q2,-0.0288884591359196,0.9715248231415312,0.648850383614879,1.4546658302361517,0.2059513588981664,432,1992.0,1.1,-0.128475176858469,0.0165058710688148,True
2,lower_rate_2_4_kappa_10,population_favoring_feasible_allocation,NB2_GLM_known_dispersion_HC0,svi_quartile_Q3,-0.0765503548878582,0.9263062690661232,0.6537174561403054,1.312559877438919,0.1778212705289495,432,1992.0,1.25,-0.3236937309338767,0.104777631445893,True
2,lower_rate_2_4_kappa_10,population_favoring_feasible_allocation,NB2_GLM_known_dispersion_HC0,svi_quartile_Q4_highest,-0.0352670971691477,0.9653475402248826,0.6448759363203715,1.4450777598177729,0.2058317501573238,432,1992.0,1.43,-0.4646524597751174,0.215901908375067,True
3,higher_rate_5_0_kappa_10,oracle_complete_counts,NB2_GLM_known_dispersion_HC0,primary_rurality_metro_other,0.0407170054331181,1.0415573087750254,0.815135381268992,1.3308729474775178,0.1250602413178406,432,4193.0,1.12,-0.0784426912249747,0.0061532558066167,True
3,higher_rate_5_0_kappa_10,oracle_complete_counts,NB2_GLM_known_dispersion_HC0,primary_rurality_nonmetro_adjacent,0.0369261709341199,1.0376164117597817,0.7929713497883363,1.357738609649174,0.1371909988910516,432,4193.0,1.27,-0.2323835882402185,0.0540021320833994,True
3,higher_rate_5_0_kappa_10,oracle_complete_counts,NB2_GLM_known_dispersion_HC0,primary_rurality_nonmetro_nonadjacent,0.0087920558534273,1.0088308194972495,0.7515147590912548,1.354251011115419,0.1502329011867688,432,4193.0,1.23,-0.2211691805027504,0.0489158064042582,True
3,higher_rate_5_0_kappa_10,oracle_complete_counts,NB2_GLM_known_dispersion_HC0,svi_quartile_Q2,-0.0669646820637327,0.9352282310845628,0.7398854559164857,1.1821449350347633,0.1195383734710896,432,4193.0,1.1,-0.1647717689154374,0.0271497358315223,True
3,higher_rate_5_0_kappa_10,oracle_complete_counts,NB2_GLM_known_dispersion_HC0,svi_quartile_Q3,0.1683723947669947,1.1833772120850456,0.9543186332665412,1.4674151559723851,0.109760235168741,432,4193.0,1.25,-0.0666227879149543,0.0044385958695609,True
3,higher_rate_5_0_kappa_10,oracle_complete_counts,NB2_GLM_known_dispersion_HC0,svi_quartile_Q4_highest,0.4429822443332927,1.5573446824031616,1.1938336239961371,2.0315414234113174,0.1356186645198437,432,4193.0,1.43,0.1273446824031616,0.0162166681363621,True
3,higher_rate_5_0_kappa_10,visible_exact_and_zero_only,NB2_GLM_known_dispersion_HC0,primary_rurality_metro_other,-1.6494645531886507,0.1921527686675295,0.0837797877473673,0.4407111488266731,0.4235198692500478,186,3515.0,1.12,-0.9278472313324706,0.8609004846913312,False
3,higher_rate_5_0_kappa_10,visible_exact_and_zero_only,NB2_GLM_known_dispersion_HC0,primary_rurality_nonmetro_adjacent,-26.288957876440413,3.826931241079264e-12,1.0071494953235792e-12,1.4541438775425455e-11,0.681091418693656,186,3515.0,1.27,-1.269999999996173,1.6128999999902796,False
3,higher_rate_5_0_kappa_10,visible_exact_and_zero_only,NB2_GLM_known_dispersion_HC0,primary_rurality_nonmetro_nonadjacent,-2.3682038676383077,0.0936487809147268,0.0371602365085057,0.2360074905553162,0.4715878228669689,186,3515.0,1.23,-1.1363512190852731,1.2912940931165864,False
3,higher_rate_5_0_kappa_10,visible_exact_and_zero_only,NB2_GLM_known_dispersion_HC0,svi_quartile_Q2,-0.2480891097797182,0.7802904086735405,0.367733260724977,1.6556922826822411,0.383830780020332,186,3515.0,1.1,-0.3197095913264596,0.1022142227861318,True
3,higher_rate_5_0_kappa_10,visible_exact_and_zero_only,NB2_GLM_known_dispersion_HC0,svi_quartile_Q3,-0.7073354712045046,0.4929559443998981,0.1951023645453667,1.2455285392642683,0.472905837022216,186,3515.0,1.25,-0.7570440556001019,0.5731157021194502,False
3,higher_rate_5_0_kappa_10,visible_exact_and_zero_only,NB2_GLM_known_dispersion_HC0,svi_quartile_Q4_highest,1.285299931539219,3.615752272743706,1.6436082581492557,7.9542460516550015,0.402247933212802,186,3515.0,1.43,2.1857522727437058,4.777512997804275,False
3,higher_rate_5_0_kappa_10,suppressed_equals_1,NB2_GLM_known_dispersion_HC0,primary_rurality_metro_other,-0.7196126254853309,0.4869408479043863,0.3377348958645073,0.7020636370751787,0.1866741824105536,432,3761.0,1.12,-0.6330591520956137,0.4007638900520173,False
3,higher_rate_5_0_kappa_10,suppressed_equals_1,NB2_GLM_known_dispersion_HC0,primary_rurality_nonmetro_adjacent,-0.7032370788663682,0.4949804169731827,0.3664203737294105,0.6686462619239467,0.1534372263801097,432,3761.0,1.27,-0.7750195830268173,0.6006553540750618,False
3,higher_rate_5_0_kappa_10,suppressed_equals_1,NB2_GLM_known_dispersion_HC0,primary_rurality_nonmetro_nonadjacent,-0.7026415195739268,0.4952752949600343,0.3535320942317415,0.6938482299062658,0.1720099430034797,432,3761.0,1.23,-0.7347247050399657,0.5398203921960646,False
3,higher_rate_5_0_kappa_10,suppressed_equals_1,NB2_GLM_known_dispersion_HC0,svi_quartile_Q2,0.2469055835923895,1.2800582485712153,0.9182294416697496,1.7844658920493728,0.1694967177160853,432,3761.0,1.1,0.1800582485712152,0.0324209728785335,True
3,higher_rate_5_0_kappa_10,suppressed_equals_1,NB2_GLM_known_dispersion_HC0,svi_quartile_Q3,0.6578376326017217,1.9306131226597336,1.480623755219448,2.517362710308224,0.1353949884612612,432,3761.0,1.25,0.6806131226597338,0.4632342227366339,False
3,higher_rate_5_0_kappa_10,suppressed_equals_1,NB2_GLM_known_dispersion_HC0,svi_quartile_Q4_highest,0.9111479517943648,2.487176053433164,1.6879284338899474,3.6648738160747754,0.1977785477061251,432,3761.0,1.43,1.057176053433164,1.11762120795252,False
3,higher_rate_5_0_kappa_10,suppressed_equals_5,NB2_GLM_known_dispersion_HC0,primary_rurality_metro_other,0.4832529766399538,1.6213400142848906,1.3095484949223946,2.0073662427271257,0.1089645710206696,432,4745.0,1.12,0.5013400142848905,0.2513418099231742,False
3,higher_rate_5_0_kappa_10,suppressed_equals_5,NB2_GLM_known_dispersion_HC0,primary_rurality_nonmetro_adjacent,0.8164232019073359,2.2623932245457103,1.8068233486006244,2.832829842737272,0.1147208951870092,432,4745.0,1.27,0.9923932245457104,0.9848443121242326,False
3,higher_rate_5_0_kappa_10,suppressed_equals_5,NB2_GLM_known_dispersion_HC0,primary_rurality_nonmetro_nonadjacent,0.7817010272950462,2.185186167193765,1.662211288544936,2.872702536796596,0.1395674540069379,432,4745.0,1.23,0.9551861671937648,0.912380613998315,False
3,higher_rate_5_0_kappa_10,suppressed_equals_5,NB2_GLM_known_dispersion_HC0,svi_quartile_Q2,-0.1557384844037116,0.8557829617014194,0.6552556653088109,1.1176774445640272,0.1362200542785038,432,4745.0,1.1,-0.2442170382985806,0.0596419617953304,True
3,higher_rate_5_0_kappa_10,suppressed_equals_5,NB2_GLM_known_dispersion_HC0,svi_quartile_Q3,-0.0049237079073491,0.995088393672734,0.7952290754834976,1.2451769455488562,0.1143884452367694,432,4745.0,1.25,-0.2549116063272659,0.064979927040347,False
3,higher_rate_5_0_kappa_10,suppressed_equals_5,NB2_GLM_known_dispersion_HC0,svi_quartile_Q4_highest,-0.1496581031009128,0.8610023001245302,0.650902943309252,1.1389178193768266,0.1427227721459838,432,4745.0,1.43,-0.5689976998754698,0.3237583824635752,False
3,higher_rate_5_0_kappa_10,suppressed_equals_9,NB2_GLM_known_dispersion_HC0,primary_rurality_metro_other,0.7774270115090975,2.175866577244129,1.7085718744398848,2.770966461987525,0.1233516076949798,432,5729.0,1.12,1.055866577244129,1.114854228941232,False
3,higher_rate_5_0_kappa_10,suppressed_equals_9,NB2_GLM_known_dispersion_HC0,primary_rurality_nonmetro_adjacent,1.190058180267001,3.2872724562088176,2.562069887617028,4.217746070697518,0.127164642155851,432,5729.0,1.27,2.0172724562088176,4.069388162578756,False
3,higher_rate_5_0_kappa_10,suppressed_equals_9,NB2_GLM_known_dispersion_HC0,primary_rurality_nonmetro_nonadjacent,1.2037899842744482,3.332723988863598,2.4596463534185005,4.515709817596313,0.1549859201211362,432,5729.0,1.23,2.1027239888635982,4.421448173342442,False
3,higher_rate_5_0_kappa_10,suppressed_equals_9,NB2_GLM_known_dispersion_HC0,svi_quartile_Q2,-0.2892585797639327,0.748818551042042,0.5520311148681368,1.0157565529954669,0.1555572892933454,432,5729.0,1.1,-0.3511814489579581,0.1233284100922109,False
3,higher_rate_5_0_kappa_10,suppressed_equals_9,NB2_GLM_known_dispersion_HC0,svi_quartile_Q3,-0.2104881276761536,0.8101886739185624,0.6274799343548928,1.046098291606351,0.1303854377219389,432,5729.0,1.25,-0.4398113260814376,0.1934340025495126,False
3,higher_rate_5_0_kappa_10,suppressed_equals_9,NB2_GLM_known_dispersion_HC0,svi_quartile_Q4_highest,-0.4437835532616285,0.6416042789525881,0.4756105483377054,0.865531793205679,0.1527410112952434,432,5729.0,1.43,-0.7883957210474118,0.6215678129658684,False
3,higher_rate_5_0_kappa_10,population_favoring_feasible_allocation,NB2_GLM_known_dispersion_HC0,primary_rurality_metro_other,0.0543238646492534,1.0558264916655242,0.7757746787647941,1.4369759815797165,0.1572535857285727,432,4193.0,1.12,-0.0641735083344758,0.004118239171955,True
3,higher_rate_5_0_kappa_10,population_favoring_feasible_allocation,NB2_GLM_known_dispersion_HC0,primary_rurality_nonmetro_adjacent,0.0651647810066539,1.0673348864114536,0.7371700297741884,1.545374491282444,0.188827290383224,432,4193.0,1.27,-0.2026651135885464,0.0410731482658584,True
3,higher_rate_5_0_kappa_10,population_favoring_feasible_allocation,NB2_GLM_known_dispersion_HC0,primary_rurality_nonmetro_nonadjacent,-0.0301500869770089,0.970299893241656,0.6603584326091986,1.425713425214849,0.1963379717796769,432,4193.0,1.23,-0.2597001067583439,0.0674441454502952,True
3,higher_rate_5_0_kappa_10,population_favoring_feasible_allocation,NB2_GLM_known_dispersion_HC0,svi_quartile_Q2,-0.0253958229086701,0.9749239384157372,0.7265061915616728,1.3082843570168892,0.1500573727791017,432,4193.0,1.1,-0.1250760615842628,0.0156440211814303,True
3,higher_rate_5_0_kappa_10,population_favoring_feasible_allocation,NB2_GLM_known_dispersion_HC0,svi_quartile_Q3,0.2594367825929294,1.2961998387286866,0.9860610507284364,1.7038843798556913,0.1395274445483499,432,4193.0,1.25,0.0461998387286866,0.0021344250985566,True
3,higher_rate_5_0_kappa_10,population_favoring_feasible_allocation,NB2_GLM_known_dispersion_HC0,svi_quartile_Q4_highest,0.4977409045019143,1.645000855868355,1.1995751258101717,2.2558218802511587,0.1611089144017875,432,4193.0,1.43,0.2150008558683553,0.0462253680241253,True
4,baseline_rate_3_4_kappa_4,oracle_complete_counts,NB2_GLM_known_dispersion_HC0,primary_rurality_metro_other,0.248429799570198,1.282010821499617,0.9531727212531916,1.724295827813085,0.1512188529642137,432,2616.0,1.12,0.1620108214996169,0.0262475062829807,True
4,baseline_rate_3_4_kappa_4,oracle_complete_counts,NB2_GLM_known_dispersion_HC0,primary_rurality_nonmetro_adjacent,0.1532391347959867,1.1656036820163087,0.779177574819031,1.7436743400187398,0.2054874702110443,432,2616.0,1.27,-0.1043963179836913,0.0108985912085519,True
4,baseline_rate_3_4_kappa_4,oracle_complete_counts,NB2_GLM_known_dispersion_HC0,primary_rurality_nonmetro_nonadjacent,0.102788702125032,1.108257211940399,0.7551057499114775,1.626572235692676,0.1957582528360043,432,2616.0,1.23,-0.1217427880596009,0.0148213064445249,True
4,baseline_rate_3_4_kappa_4,oracle_complete_counts,NB2_GLM_known_dispersion_HC0,svi_quartile_Q2,0.1792824772205536,1.196358640505183,0.8882500458474368,1.611341314759967,0.1519308518806584,432,2616.0,1.1,0.0963586405051828,0.009284987600007,True
4,baseline_rate_3_4_kappa_4,oracle_complete_counts,NB2_GLM_known_dispersion_HC0,svi_quartile_Q3,0.1167749191970889,1.123866440459312,0.8378348203414698,1.5075474846890489,0.1498516473931508,432,2616.0,1.25,-0.126133559540688,0.0159096748424042,True
4,baseline_rate_3_4_kappa_4,oracle_complete_counts,NB2_GLM_known_dispersion_HC0,svi_quartile_Q4_highest,0.4579194333043488,1.5807816395776144,1.110070026538055,2.2510927529669904,0.1803552719381553,432,2616.0,1.43,0.1507816395776144,0.0227351028337136,True
4,baseline_rate_3_4_kappa_4,visible_exact_and_zero_only,NB2_GLM_known_dispersion_HC0,primary_rurality_metro_other,-1.7999026660607518,0.1653149781965681,0.0479095009652578,0.5704305297596348,0.6319075398815782,236,2129.0,1.12,-0.954685021803432,0.9114234908558192,False
4,baseline_rate_3_4_kappa_4,visible_exact_and_zero_only,NB2_GLM_known_dispersion_HC0,primary_rurality_nonmetro_adjacent,-27.055192984383854,1.7786028343103646e-12,3.5503777082325355e-14,8.910116900749959e-11,1.9969103688877348,236,2129.0,1.27,-1.2699999999982214,1.6128999999954825,False
4,baseline_rate_3_4_kappa_4,visible_exact_and_zero_only,NB2_GLM_known_dispersion_HC0,primary_rurality_nonmetro_nonadjacent,-26.04231690155128,4.8973988360354665e-12,1.3646109355563756e-14,1.7576083214826824e-09,3.001533184312917,236,2129.0,1.23,-1.2299999999951026,1.5128999999879522,False
4,baseline_rate_3_4_kappa_4,visible_exact_and_zero_only,NB2_GLM_known_dispersion_HC0,svi_quartile_Q2,-0.1292417253304871,0.8787615209509264,0.2302404955890277,3.353979102279113,0.683361815319429,236,2129.0,1.1,-0.2212384790490736,0.0489464646119474,True
4,baseline_rate_3_4_kappa_4,visible_exact_and_zero_only,NB2_GLM_known_dispersion_HC0,svi_quartile_Q3,0.4059138965158468,1.5006733336924,0.5134805033300133,4.385795448611398,0.5471719974738736,236,2129.0,1.25,0.2506733336924001,0.0628371202244613,True
4,baseline_rate_3_4_kappa_4,visible_exact_and_zero_only,NB2_GLM_known_dispersion_HC0,svi_quartile_Q4_highest,1.327279032408038,3.770769275149707,0.7970693116315697,17.838725840928344,0.7929044238370224,236,2129.0,1.43,2.340769275149708,5.479200799484886,True
4,baseline_rate_3_4_kappa_4,suppressed_equals_1,NB2_GLM_known_dispersion_HC0,primary_rurality_metro_other,-0.5895776463939695,0.5545614563102594,0.36956928593617,0.8321535921090373,0.2070609168855887,432,2325.0,1.12,-0.5654385436897407,0.3197207466899747,False
4,baseline_rate_3_4_kappa_4,suppressed_equals_1,NB2_GLM_known_dispersion_HC0,primary_rurality_nonmetro_adjacent,-0.389469521821212,0.677416133677037,0.4597028763028983,0.9982374307868824,0.1978088762527213,432,2325.0,1.27,-0.592583866322963,0.3511556386262713,False
4,baseline_rate_3_4_kappa_4,suppressed_equals_1,NB2_GLM_known_dispersion_HC0,primary_rurality_nonmetro_nonadjacent,-0.4523466273889485,0.6361336301655227,0.4251811902103258,0.9517495240732278,0.2055577773545389,432,2325.0,1.23,-0.5938663698344773,0.3526772652203801,False
4,baseline_rate_3_4_kappa_4,suppressed_equals_1,NB2_GLM_known_dispersion_HC0,svi_quartile_Q2,0.2642905127905536,1.302506536150482,0.9104386890238984,1.8634129866928293,0.1827138941696883,432,2325.0,1.1,0.2025065361504818,0.0410088971836664,True
4,baseline_rate_3_4_kappa_4,suppressed_equals_1,NB2_GLM_known_dispersion_HC0,svi_quartile_Q3,0.4326604021930413,1.5413526918171423,1.1222195305008515,2.117026175361282,0.1619142623716944,432,2325.0,1.25,0.2913526918171425,0.0848863910290948,True
4,baseline_rate_3_4_kappa_4,suppressed_equals_1,NB2_GLM_known_dispersion_HC0,svi_quartile_Q4_highest,0.503288219186575,1.654151550698342,1.089851146937234,2.5106340075589357,0.2128811707724115,432,2325.0,1.43,0.224151550698342,0.0502439176804713,True
4,baseline_rate_3_4_kappa_4,suppressed_equals_5,NB2_GLM_known_dispersion_HC0,primary_rurality_metro_other,0.5307479885372175,1.70020356589457,1.293610371522352,2.234592601541046,0.1394443580221382,432,3109.0,1.12,0.5802035658945699,0.3366361778767745,False
4,baseline_rate_3_4_kappa_4,suppressed_equals_5,NB2_GLM_known_dispersion_HC0,primary_rurality_nonmetro_adjacent,0.8104691088083764,2.248962747492893,1.6044874244316163,3.152304818719599,0.172277941305134,432,3109.0,1.27,0.978962747492893,0.958368060978834,False
4,baseline_rate_3_4_kappa_4,suppressed_equals_5,NB2_GLM_known_dispersion_HC0,primary_rurality_nonmetro_nonadjacent,0.8406435560835649,2.317858168622092,1.6088829234476263,3.339252602877817,0.1862772725872334,432,3109.0,1.23,1.087858168622092,1.183435395037812,False
4,baseline_rate_3_4_kappa_4,suppressed_equals_5,NB2_GLM_known_dispersion_HC0,svi_quartile_Q2,0.1840462674354157,1.202071438572348,0.855934753498583,1.6881844527578078,0.1732690794537148,432,3109.0,1.1,0.102071438572348,0.0104185785722286,True
4,baseline_rate_3_4_kappa_4,suppressed_equals_5,NB2_GLM_known_dispersion_HC0,svi_quartile_Q3,-0.0105899747677866,0.9894659015979598,0.7164405668789873,1.3665373175196425,0.1647295967415387,432,3109.0,1.25,-0.2605340984020402,0.0678780164301639,True
4,baseline_rate_3_4_kappa_4,suppressed_equals_5,NB2_GLM_known_dispersion_HC0,svi_quartile_Q4_highest,-0.0109513824545453,0.9891083656273524,0.6781574768567336,1.4426374291242885,0.1925634534727537,432,3109.0,1.43,-0.4408916343726475,0.1943854332597843,True
4,baseline_rate_3_4_kappa_4,suppressed_equals_9,NB2_GLM_known_dispersion_HC0,primary_rurality_metro_other,0.7107737836485337,2.0355657368981563,1.4824262874833964,2.7950987541295484,0.1617824769183429,432,3893.0,1.12,0.9155657368981562,0.8382606185818638,False
4,baseline_rate_3_4_kappa_4,suppressed_equals_9,NB2_GLM_known_dispersion_HC0,primary_rurality_nonmetro_adjacent,1.030374018481533,2.80211368103398,1.9166938561752616,4.096554625111623,0.1937613605155256,432,3893.0,1.27,1.5321136810339795,2.347372331611491,False
4,baseline_rate_3_4_kappa_4,suppressed_equals_9,NB2_GLM_known_dispersion_HC0,primary_rurality_nonmetro_nonadjacent,1.1056796862674425,3.021277291775104,1.9911167649252912,4.584420479297409,0.2127469472110704,432,3893.0,1.23,1.791277291775104,3.2086743360291514,False
4,baseline_rate_3_4_kappa_4,suppressed_equals_9,NB2_GLM_known_dispersion_HC0,svi_quartile_Q2,0.1586306945449543,1.1719050758175569,0.793197069356065,1.731425341550844,0.1991399344888924,432,3893.0,1.1,0.0719050758175567,0.0051703399283285,True
4,baseline_rate_3_4_kappa_4,suppressed_equals_9,NB2_GLM_known_dispersion_HC0,svi_quartile_Q3,-0.1160845362620713,0.8903999490323752,0.6096538649735505,1.3004298254899969,0.1932547862623285,432,3893.0,1.25,-0.3596000509676248,0.1293121966559183,True
4,baseline_rate_3_4_kappa_4,suppressed_equals_9,NB2_GLM_known_dispersion_HC0,svi_quartile_Q4_highest,-0.1273087506598925,0.8804617874690691,0.5747556630474215,1.3487695885986732,0.2176028120741991,432,3893.0,1.43,-0.5495382125309308,0.3019922470316905,False
4,baseline_rate_3_4_kappa_4,population_favoring_feasible_allocation,NB2_GLM_known_dispersion_HC0,primary_rurality_metro_other,0.2854225231525971,1.3303240020809437,0.9128731282890534,1.938672413142036,0.1921331084408327,432,2616.0,1.12,0.2103240020809433,0.0442361858513446,True
4,baseline_rate_3_4_kappa_4,population_favoring_feasible_allocation,NB2_GLM_known_dispersion_HC0,primary_rurality_nonmetro_adjacent,0.0166345697841506,1.0167736945966894,0.6414498206490726,1.6117063451318565,0.2350300457516977,432,2616.0,1.27,-0.2532263054033106,0.0641235617482107,True
4,baseline_rate_3_4_kappa_4,population_favoring_feasible_allocation,NB2_GLM_known_dispersion_HC0,primary_rurality_nonmetro_nonadjacent,0.0770167723444544,1.0800601913822458,0.674512073837402,1.7294427516650468,0.2401951405167833,432,2616.0,1.23,-0.1499398086177541,0.0224819462083287,True
4,baseline_rate_3_4_kappa_4,population_favoring_feasible_allocation,NB2_GLM_known_dispersion_HC0,svi_quartile_Q2,0.112830519015871,1.119442192705863,0.783547899434891,1.5993289289830352,0.1820171443180355,432,2616.0,1.1,0.0194421927058632,0.0003779988572119,True
4,baseline_rate_3_4_kappa_4,population_favoring_feasible_allocation,NB2_GLM_known_dispersion_HC0,svi_quartile_Q3,0.0026664951508398,1.0026700534110262,0.7055149211648779,1.4249836620710137,0.1793335986177163,432,2616.0,1.25,-0.2473299465889737,0.0611721024797046,True
4,baseline_rate_3_4_kappa_4,population_favoring_feasible_allocation,NB2_GLM_known_dispersion_HC0,svi_quartile_Q4_highest,0.381337627007283,1.4642418895703062,0.9767724919212109,2.1949884224886245,0.2065505841904527,432,2616.0,1.43,0.0342418895703062,0.001172507001345,True
