scenario,model_family,model_type,term,coef,se,irr,ci_low,ci_high,p_value,n_rows,events
observed_exact_positive_only,rurality_only,GLM_negative_binomial_alpha1_robust,primary_rurality_metro_other,-0.060205228611026514,0.04375667931405116,0.9415712763887384,0.8641850800768022,1.0258872653084077,0.16884966884923802,1077,50833.0
observed_exact_positive_only,rurality_only,GLM_negative_binomial_alpha1_robust,primary_rurality_nonmetro_adjacent,-0.13078647383775696,0.053259370159935406,0.8774051033349641,0.7904326388169812,0.9739472758999894,0.01406293032080178,1077,50833.0
observed_exact_positive_only,rurality_only,GLM_negative_binomial_alpha1_robust,primary_rurality_nonmetro_nonadjacent,-0.09953033758299726,0.08314004247421224,0.9052624859761134,0.7691380391551265,1.065478661562296,0.23125167669283953,1077,50833.0
observed_exact_positive_only,rurality_only,GLM_negative_binomial_alpha1_robust,acs_pct_age_65_plus_z,0.13643212173439903,0.018517421565229564,1.1461770746233286,1.1053234150688656,1.1885407189263624,1.735044781302989e-13,1077,50833.0
observed_exact_positive_only,rurality_only,GLM_negative_binomial_alpha1_robust,acs_pct_male_z,0.011936367822435722,0.01611249654344019,1.012007890551409,0.980547563191727,1.0444776051501523,0.4588060443997507,1077,50833.0
observed_exact_positive_only,rurality_svi_composite,GLM_negative_binomial_alpha1_robust,primary_rurality_metro_other,-0.015232599348367383,0.06403694852529211,0.9848828298542641,0.8687107886766982,1.1165904708278456,0.8119803448046383,1077,50833.0
observed_exact_positive_only,rurality_svi_composite,GLM_negative_binomial_alpha1_robust,primary_rurality_nonmetro_adjacent,-0.06665249216154813,0.07214790300373321,0.9355202454741454,0.8121563711532133,1.0776226854556057,0.355574147905257,1077,50833.0
observed_exact_positive_only,rurality_svi_composite,GLM_negative_binomial_alpha1_robust,primary_rurality_nonmetro_nonadjacent,-0.026008688876474926,0.10144903208169616,0.9743266237682899,0.7986369701232133,1.1886656958007533,0.7976636243738591,1077,50833.0
observed_exact_positive_only,rurality_svi_composite,GLM_negative_binomial_alpha1_robust,svi_quartile_Q2,-0.0403020159844296,0.08216356888014946,0.9604993091981753,0.8176322537650773,1.128329904699726,0.6237733669002503,1077,50833.0
observed_exact_positive_only,rurality_svi_composite,GLM_negative_binomial_alpha1_robust,svi_quartile_Q3,-0.025557646641463885,0.06384945130488488,0.9747661853492721,0.8601034801657352,1.1047148837454783,0.6889504323128937,1077,50833.0
observed_exact_positive_only,rurality_svi_composite,GLM_negative_binomial_alpha1_robust,svi_quartile_Q4_highest,-0.14854827440070284,0.07070587865434111,0.8619583956411406,0.7504128204885908,0.9900847314049124,0.03564689696894735,1077,50833.0
observed_exact_positive_only,rurality_svi_composite,GLM_negative_binomial_alpha1_robust,acs_pct_age_65_plus_z,0.1341588212935711,0.018490121195096593,1.1435744291926726,1.1028725485223039,1.1857784263971094,3.99582042361008e-13,1077,50833.0
observed_exact_positive_only,rurality_svi_composite,GLM_negative_binomial_alpha1_robust,acs_pct_male_z,0.012052664572862895,0.01623834538847412,1.0121255906244222,0.9804197404935525,1.0448567780582871,0.457945104855758,1077,50833.0
observed_exact_positive_only,acs_component_family,GLM_negative_binomial_alpha1_robust,primary_rurality_metro_other,-0.05137520296169516,0.03992412700821248,0.9499221900412574,0.8784234679369504,1.0272405053704077,0.19815670379031958,1077,50833.0
observed_exact_positive_only,acs_component_family,GLM_negative_binomial_alpha1_robust,primary_rurality_nonmetro_adjacent,-0.11361565074016147,0.044956380535904894,0.8926009604798958,0.8173154453746989,0.9748212629021933,0.011496227327771197,1077,50833.0
observed_exact_positive_only,acs_component_family,GLM_negative_binomial_alpha1_robust,primary_rurality_nonmetro_nonadjacent,-0.02193423930747519,0.09257325310092177,0.9783045669217536,0.8159698971995927,1.1729352135963058,0.8127039017260097,1077,50833.0
observed_exact_positive_only,acs_component_family,GLM_negative_binomial_alpha1_robust,acs_pct_poverty_z,-0.018591843559927945,0.02327864727638709,0.9815799186576506,0.937800544022631,1.0274030473250704,0.424484618473562,1077,50833.0
observed_exact_positive_only,acs_component_family,GLM_negative_binomial_alpha1_robust,acs_median_household_income_z,-0.1846561866680076,0.02194579167316358,0.8313900777122444,0.7963870732942597,0.8679315429608618,3.955996868760536e-17,1077,50833.0
observed_exact_positive_only,acs_component_family,GLM_negative_binomial_alpha1_robust,acs_pct_high_school_grad_or_higher_z,-0.11148753724493637,0.020358392771466675,0.894502539299852,0.8595124345471155,0.9309170649002668,4.34447210371153e-08,1077,50833.0
observed_exact_positive_only,acs_component_family,GLM_negative_binomial_alpha1_robust,acs_pct_uninsured_z,-0.00842175200665936,0.015979207470721957,0.9916136116026227,0.9610383171433032,1.0231616546137927,0.5981627475183651,1077,50833.0
observed_exact_positive_only,acs_component_family,GLM_negative_binomial_alpha1_robust,acs_pct_non_hispanic_black_z,-0.0019901021884528676,0.014469454040532728,0.9980118767519252,0.9701057118753983,1.0267207933580655,0.8906054263606483,1077,50833.0
observed_exact_positive_only,acs_component_family,GLM_negative_binomial_alpha1_robust,acs_pct_hispanic_z,-0.0883815599501918,0.0168247438494353,0.915411525702233,0.8857167649287456,0.9461018404183689,1.4958451763525718e-07,1077,50833.0
observed_exact_positive_only,acs_component_family,GLM_negative_binomial_alpha1_robust,acs_pct_age_65_plus_z,0.07390322105598654,0.016846467871402412,1.0767025983132894,1.041731407749066,1.1128477807149306,1.1499483470169421e-05,1077,50833.0
observed_exact_plus_zero,rurality_only,GLM_negative_binomial_alpha1_robust,primary_rurality_metro_other,-0.07086170963155988,0.047451105988413775,0.9315907132429968,0.8488558650276488,1.022389421756929,0.13534228289053177,1412,50833.0
observed_exact_plus_zero,rurality_only,GLM_negative_binomial_alpha1_robust,primary_rurality_nonmetro_adjacent,-0.2539027113197436,0.05856973732572624,0.7757672717492972,0.6916332866063616,0.8701357664121027,1.4572731736333161e-05,1412,50833.0
observed_exact_plus_zero,rurality_only,GLM_negative_binomial_alpha1_robust,primary_rurality_nonmetro_nonadjacent,-0.09217156111523037,0.06757313144795192,0.9119486811907536,0.7988237875695634,1.0410936805673587,0.17255913636111553,1412,50833.0
observed_exact_plus_zero,rurality_only,GLM_negative_binomial_alpha1_robust,acs_pct_age_65_plus_z,-0.016548260003175275,0.019417212602240285,0.9835879102895784,0.9468581396969662,1.0217424730355513,0.3940770493514857,1412,50833.0
observed_exact_plus_zero,rurality_only,GLM_negative_binomial_alpha1_robust,acs_pct_male_z,-0.2020110111669766,0.035302320519612934,0.8170859308230838,0.7624612744587256,0.8756240358869088,1.0508201637308642e-08,1412,50833.0
observed_exact_plus_zero,rurality_svi_composite,GLM_negative_binomial_alpha1_robust,primary_rurality_metro_other,-0.08916695468670927,0.06099472985048173,0.9146928485677611,0.8116251971922982,1.0308489806813805,0.14377419080503828,1412,50833.0
observed_exact_plus_zero,rurality_svi_composite,GLM_negative_binomial_alpha1_robust,primary_rurality_nonmetro_adjacent,-0.26679279500080755,0.07441657798162052,0.765831739191334,0.6618943765297465,0.8860903998426178,0.00033691574039713696,1412,50833.0
observed_exact_plus_zero,rurality_svi_composite,GLM_negative_binomial_alpha1_robust,primary_rurality_nonmetro_nonadjacent,-0.09638298369304638,0.07982118118619048,0.9081161557814931,0.7765979520048945,1.0619071944013567,0.22724491335496388,1412,50833.0
observed_exact_plus_zero,rurality_svi_composite,GLM_negative_binomial_alpha1_robust,svi_quartile_Q2,-0.01842839626800341,0.06678538919986725,0.9817403683493393,0.8612867740539106,1.119039766871386,0.7825983371654442,1412,50833.0
observed_exact_plus_zero,rurality_svi_composite,GLM_negative_binomial_alpha1_robust,svi_quartile_Q3,0.0438196364124932,0.07052476877352441,1.0447938951181859,0.9099106142600335,1.1996719965333602,0.5343780244857592,1412,50833.0
observed_exact_plus_zero,rurality_svi_composite,GLM_negative_binomial_alpha1_robust,svi_quartile_Q4_highest,0.023344413892990024,0.07423237925392506,1.0236190274570516,0.8850146774303203,1.1839305495073174,0.753158394027069,1412,50833.0
observed_exact_plus_zero,rurality_svi_composite,GLM_negative_binomial_alpha1_robust,acs_pct_age_65_plus_z,-0.016492094551731007,0.019571822404214064,0.9836431555000165,0.9466244179054717,1.0221095495327144,0.3994271226029804,1412,50833.0
observed_exact_plus_zero,rurality_svi_composite,GLM_negative_binomial_alpha1_robust,acs_pct_male_z,-0.20163296642687883,0.034995919076318216,0.8173948842568701,0.7632077778349474,0.8754292293831862,8.33135145673657e-09,1412,50833.0
observed_exact_plus_zero,acs_component_family,GLM_negative_binomial_alpha1_robust,primary_rurality_metro_other,-0.0666665148332592,0.04592510619818363,0.9355071270728418,0.8549778447264998,1.023621360719637,0.1466029803726918,1412,50833.0
observed_exact_plus_zero,acs_component_family,GLM_negative_binomial_alpha1_robust,primary_rurality_nonmetro_adjacent,-0.21153001257119142,0.05701480830688085,0.8093449901640759,0.7237718671644188,0.9050356097287812,0.0002071864067243853,1412,50833.0
observed_exact_plus_zero,acs_component_family,GLM_negative_binomial_alpha1_robust,primary_rurality_nonmetro_nonadjacent,-0.06616719696321374,0.06143138162676038,0.9359743591378964,0.8297982293179784,1.0557361657467392,0.2814395501934397,1412,50833.0
observed_exact_plus_zero,acs_component_family,GLM_negative_binomial_alpha1_robust,acs_pct_poverty_z,0.0632648867355928,0.03618420268533041,1.0653089880811624,0.992373083139436,1.1436054235733946,0.0803927471017099,1412,50833.0
observed_exact_plus_zero,acs_component_family,GLM_negative_binomial_alpha1_robust,acs_median_household_income_z,-0.116421056615963,0.026860228207235156,0.8901003617378602,0.8444522354445632,0.9382160656473049,1.4620561702934234e-05,1412,50833.0
observed_exact_plus_zero,acs_component_family,GLM_negative_binomial_alpha1_robust,acs_pct_high_school_grad_or_higher_z,-0.0338346224760577,0.03257854276444915,0.9667313670581181,0.9069313087546504,1.0304744439105964,0.29901154358464865,1412,50833.0
observed_exact_plus_zero,acs_component_family,GLM_negative_binomial_alpha1_robust,acs_pct_uninsured_z,-0.07178227794122666,0.024592510666909317,0.9307335149701238,0.8869349833530152,0.9766949011457059,0.0035130561154300887,1412,50833.0
observed_exact_plus_zero,acs_component_family,GLM_negative_binomial_alpha1_robust,acs_pct_non_hispanic_black_z,0.05172815310006847,0.0175675458569405,1.0530894245023945,1.0174462009936813,1.0899813031054522,0.0032344634351830375,1412,50833.0
observed_exact_plus_zero,acs_component_family,GLM_negative_binomial_alpha1_robust,acs_pct_hispanic_z,-0.021872873078693275,0.021609792024593195,0.97836460362572,0.9377910973940913,1.0206935214970012,0.3114547891266638,1412,50833.0
observed_exact_plus_zero,acs_component_family,GLM_negative_binomial_alpha1_robust,acs_pct_age_65_plus_z,-0.03489079016924049,0.021179973381942316,0.9657108756201512,0.9264422764555917,1.0066439312970432,0.0994865043001509,1412,50833.0
suppressed_equals_1,rurality_only,GLM_negative_binomial_alpha1_robust,primary_rurality_metro_other,0.038124593921477545,0.054522107512117016,1.0388606605389457,0.9335705558476587,1.156025610764362,0.4843956908794753,3131,52552.0
suppressed_equals_1,rurality_only,GLM_negative_binomial_alpha1_robust,primary_rurality_nonmetro_adjacent,0.008200559401255407,0.05266136199467011,1.0082342760907221,0.909358648233167,1.1178607664415527,0.8762517542344334,3131,52552.0
suppressed_equals_1,rurality_only,GLM_negative_binomial_alpha1_robust,primary_rurality_nonmetro_nonadjacent,-0.0010747855749072485,0.054861139062910735,0.9989257918002388,0.8970868327128432,1.1123256981781449,0.9843696288824585,3131,52552.0
suppressed_equals_1,rurality_only,GLM_negative_binomial_alpha1_robust,acs_pct_age_65_plus_z,-0.04125557239781207,0.01626697960939154,0.9595838554595979,0.9294717616504866,0.9906714906794116,0.011207729753490159,3131,52552.0
suppressed_equals_1,rurality_only,GLM_negative_binomial_alpha1_robust,acs_pct_male_z,-0.15695310813095373,0.023747070707079782,0.8547441384281811,0.8158723527427802,0.8954679487805437,3.8596650549995975e-11,3131,52552.0
suppressed_equals_1,rurality_svi_composite,GLM_negative_binomial_alpha1_robust,primary_rurality_metro_other,0.027383531776208565,0.05443228368903084,1.0277619065325312,0.9237592952492109,1.1434737836488207,0.6149114050709894,3131,52552.0
suppressed_equals_1,rurality_svi_composite,GLM_negative_binomial_alpha1_robust,primary_rurality_nonmetro_adjacent,-0.011696582848713291,0.05274942803174491,0.9883715562528275,0.8912899694148464,1.096027518239637,0.8245174013079566,3131,52552.0
suppressed_equals_1,rurality_svi_composite,GLM_negative_binomial_alpha1_robust,primary_rurality_nonmetro_nonadjacent,-0.015583007412562862,0.054743683481534834,0.9845377794261524,0.8843692260354371,1.0960519775916968,0.7759092507614861,3131,52552.0
suppressed_equals_1,rurality_svi_composite,GLM_negative_binomial_alpha1_robust,svi_quartile_Q2,0.031194661310721773,0.04763812232209916,1.0316863137510215,0.939717427041421,1.1326560722963535,0.5125800560558611,3131,52552.0
suppressed_equals_1,rurality_svi_composite,GLM_negative_binomial_alpha1_robust,svi_quartile_Q3,0.04840613021520071,0.04792497307979784,1.0495968417662374,0.9554939787260915,1.1529675275551554,0.31247622225158744,3131,52552.0
suppressed_equals_1,rurality_svi_composite,GLM_negative_binomial_alpha1_robust,svi_quartile_Q4_highest,0.10816910908787356,0.04832972424186647,1.1142361569151393,1.0135336109171709,1.2249442939080588,0.02521136026403912,3131,52552.0
suppressed_equals_1,rurality_svi_composite,GLM_negative_binomial_alpha1_robust,acs_pct_age_65_plus_z,-0.03912789092921864,0.016172921650235348,0.9616277178194025,0.9316232191228164,0.9925985620552089,0.015548449129043877,3131,52552.0
suppressed_equals_1,rurality_svi_composite,GLM_negative_binomial_alpha1_robust,acs_pct_male_z,-0.152136936709236,0.0237950332004451,0.858870661766048,0.8197341473976368,0.8998756682081044,1.6197984617175e-10,3131,52552.0
suppressed_equals_1,acs_component_family,GLM_negative_binomial_alpha1_robust,primary_rurality_metro_other,0.030373387734405476,0.05521570600576645,1.0308393648784602,0.925103740342248,1.1486601446340499,0.5822603776914655,3131,52552.0
suppressed_equals_1,acs_component_family,GLM_negative_binomial_alpha1_robust,primary_rurality_nonmetro_adjacent,0.0026683259396397124,0.0532926735178123,1.0026718890898103,0.9032234401428015,1.1130700029352434,0.9600671778271915,3131,52552.0
suppressed_equals_1,acs_component_family,GLM_negative_binomial_alpha1_robust,primary_rurality_nonmetro_nonadjacent,-0.035500710858788025,0.05516776836624061,0.9651220481642672,0.8662085869819941,1.0753305633902153,0.5198967527328142,3131,52552.0
suppressed_equals_1,acs_component_family,GLM_negative_binomial_alpha1_robust,acs_pct_poverty_z,0.06343686474275881,0.03091715799701241,1.0654922135528726,1.0028432695138445,1.132054919900051,0.04018583307848842,3131,52552.0
suppressed_equals_1,acs_component_family,GLM_negative_binomial_alpha1_robust,acs_median_household_income_z,-0.04826239275514158,0.02362193459059345,0.9528837244858359,0.9097718869716108,0.9980385252532341,0.04104078780142844,3131,52552.0
suppressed_equals_1,acs_component_family,GLM_negative_binomial_alpha1_robust,acs_pct_high_school_grad_or_higher_z,0.15738581555445705,0.028630869622029296,1.1704471034976571,1.1065746144593747,1.2380063704564133,3.8615947901642934e-08,3131,52552.0
suppressed_equals_1,acs_component_family,GLM_negative_binomial_alpha1_robust,acs_pct_uninsured_z,-0.01729253336503893,0.02141772695316369,0.9828561243670637,0.9424510680526429,1.0249934388656095,0.4194398149612115,3131,52552.0
suppressed_equals_1,acs_component_family,GLM_negative_binomial_alpha1_robust,acs_pct_non_hispanic_black_z,0.11527935486503064,0.020044719906575314,1.1221868821537688,1.0789536229570509,1.1671524815187766,8.866029887286654e-09,3131,52552.0
suppressed_equals_1,acs_component_family,GLM_negative_binomial_alpha1_robust,acs_pct_hispanic_z,0.1256855056983623,0.020111642002162037,1.1339254990928045,1.0900970046512617,1.1795161641639478,4.1205734648256655e-10,3131,52552.0
suppressed_equals_1,acs_component_family,GLM_negative_binomial_alpha1_robust,acs_pct_age_65_plus_z,-0.01762268269263447,0.019000876878506143,0.9825316886375467,0.9466134987404948,1.0198127540558088,0.3536842157505413,3131,52552.0
suppressed_equals_5,rurality_only,GLM_negative_binomial_alpha1_robust,primary_rurality_metro_other,0.1040986860711808,0.04421610376417557,1.1097099624284028,1.0175880016403902,1.2101716988876572,0.01855682204779352,3131,59428.0
suppressed_equals_5,rurality_only,GLM_negative_binomial_alpha1_robust,primary_rurality_nonmetro_adjacent,0.15456558087650746,0.04297235006644572,1.1671508183213601,1.0728726543652518,1.2697136301923635,0.00032208016928189664,3131,59428.0
suppressed_equals_5,rurality_only,GLM_negative_binomial_alpha1_robust,primary_rurality_nonmetro_nonadjacent,0.2580346437163422,0.046302747351397916,1.2943836601078542,1.1820866909687242,1.4173487209987832,2.507179245862298e-08,3131,59428.0
suppressed_equals_5,rurality_only,GLM_negative_binomial_alpha1_robust,acs_pct_age_65_plus_z,0.23010135068568766,0.01927248105085179,1.2587275763678545,1.2120671468767785,1.3071842724155331,7.37767392335027e-33,3131,59428.0
suppressed_equals_5,rurality_only,GLM_negative_binomial_alpha1_robust,acs_pct_male_z,0.10439157876091953,0.020891749529571124,1.110035035967636,1.0654995494283015,1.1564320057542976,5.829402588407129e-07,3131,59428.0
suppressed_equals_5,rurality_svi_composite,GLM_negative_binomial_alpha1_robust,primary_rurality_metro_other,0.10333854569799322,0.0447514972439107,1.1088667476048495,1.0157483293102272,1.210521768496279,0.02093448326556804,3131,59428.0
suppressed_equals_5,rurality_svi_composite,GLM_negative_binomial_alpha1_robust,primary_rurality_nonmetro_adjacent,0.15080230415961293,0.043714224788730806,1.1627667612057102,1.0672896778030305,1.2667849873221908,0.0005611459899877066,3131,59428.0
suppressed_equals_5,rurality_svi_composite,GLM_negative_binomial_alpha1_robust,primary_rurality_nonmetro_nonadjacent,0.2555776591033656,0.046816174067507224,1.2912072831242898,1.1779998500425608,1.4152941088515196,4.7835370323787843e-08,3131,59428.0
suppressed_equals_5,rurality_svi_composite,GLM_negative_binomial_alpha1_robust,svi_quartile_Q2,-0.0815867644067243,0.04375391221921699,0.9216527397314886,0.8459082029991906,1.0041796138668866,0.062227171355858577,3131,59428.0
suppressed_equals_5,rurality_svi_composite,GLM_negative_binomial_alpha1_robust,svi_quartile_Q3,-0.01221639594335653,0.04589151329710576,0.9878579212841713,0.9028816818463636,1.0808318434905837,0.7900839227035501,3131,59428.0
suppressed_equals_5,rurality_svi_composite,GLM_negative_binomial_alpha1_robust,svi_quartile_Q4_highest,-0.004652186777310347,0.044396794148409816,0.9953586178820037,0.9124062821362365,1.0858526487480278,0.9165451848461809,3131,59428.0
suppressed_equals_5,rurality_svi_composite,GLM_negative_binomial_alpha1_robust,acs_pct_age_65_plus_z,0.2304897623784379,0.019283562631977415,1.2592165758369112,1.212511683451981,1.3077204999363048,6.288401932521656e-33,3131,59428.0
suppressed_equals_5,rurality_svi_composite,GLM_negative_binomial_alpha1_robust,acs_pct_male_z,0.10470285767716503,0.02106928831641179,1.1103806202543873,1.0654604493958668,1.157194640622857,6.714171975112523e-07,3131,59428.0
suppressed_equals_5,acs_component_family,GLM_negative_binomial_alpha1_robust,primary_rurality_metro_other,0.05234159991918289,0.04113777983754629,1.0537356370483488,0.9721079232234588,1.1422176141757987,0.2032492591833116,3131,59428.0
suppressed_equals_5,acs_component_family,GLM_negative_binomial_alpha1_robust,primary_rurality_nonmetro_adjacent,0.09771127205405253,0.040423778773417976,1.102644374898282,1.0186524900037144,1.1935617194538928,0.015641575235351136,3131,59428.0
suppressed_equals_5,acs_component_family,GLM_negative_binomial_alpha1_robust,primary_rurality_nonmetro_nonadjacent,0.21819897196293206,0.04507260867818834,1.2438345311973236,1.1386651541715789,1.3587175609360385,1.2915169884308738e-06,3131,59428.0
suppressed_equals_5,acs_component_family,GLM_negative_binomial_alpha1_robust,acs_pct_poverty_z,0.00446524250697706,0.03140919060135686,1.0044752265571706,0.9445026644088751,1.068255833241669,0.886950810417338,3131,59428.0
suppressed_equals_5,acs_component_family,GLM_negative_binomial_alpha1_robust,acs_median_household_income_z,-0.16656778517248375,0.026049864797045973,0.8465654304067648,0.8044266268118397,0.8909116183786209,1.6140062782319594e-10,3131,59428.0
suppressed_equals_5,acs_component_family,GLM_negative_binomial_alpha1_robust,acs_pct_high_school_grad_or_higher_z,0.012580031227016232,0.028823823882559035,1.012659492679429,0.9570356239797173,1.071516276321488,0.6625134574739746,3131,59428.0
suppressed_equals_5,acs_component_family,GLM_negative_binomial_alpha1_robust,acs_pct_uninsured_z,0.08385641194408629,0.022075406738261864,1.0874727345019826,1.0414235910914387,1.1355580557243066,0.00014549519278486247,3131,59428.0
suppressed_equals_5,acs_component_family,GLM_negative_binomial_alpha1_robust,acs_pct_non_hispanic_black_z,-0.008155507456990271,0.015041820939013078,0.9918776584710496,0.9630620102275722,1.0215554958309845,0.5876884220275713,3131,59428.0
suppressed_equals_5,acs_component_family,GLM_negative_binomial_alpha1_robust,acs_pct_hispanic_z,0.027013148946933796,0.019432060110790194,1.0273813116570232,0.9889873987261084,1.067265731496363,0.1644884795817646,3131,59428.0
suppressed_equals_5,acs_component_family,GLM_negative_binomial_alpha1_robust,acs_pct_age_65_plus_z,0.20636662774875617,0.021112107821511485,1.2292037816083505,1.1793776645389022,1.2811349427335461,1.4444258235006702e-22,3131,59428.0
suppressed_equals_9,rurality_only,GLM_negative_binomial_alpha1_robust,primary_rurality_metro_other,0.12452221496469076,0.0571330496314541,1.1326071810093086,1.0126204113189656,1.2668113462210109,0.029293592250916267,3131,66304.0
suppressed_equals_9,rurality_only,GLM_negative_binomial_alpha1_robust,primary_rurality_nonmetro_adjacent,0.20876260819622466,0.05528703943284171,1.23215246091339,1.1056130869282081,1.3731744901401532,0.00015938147992193967,3131,66304.0
suppressed_equals_9,rurality_only,GLM_negative_binomial_alpha1_robust,primary_rurality_nonmetro_nonadjacent,0.3505047163438153,0.05898373594491618,1.4197839559540542,1.264777976202353,1.593786830189108,2.808858662184863e-09,3131,66304.0
suppressed_equals_9,rurality_only,GLM_negative_binomial_alpha1_robust,acs_pct_age_65_plus_z,0.316066867554211,0.024474817427185123,1.371721976253051,1.3074729460651784,1.4391281944290235,3.754721425467896e-38,3131,66304.0
suppressed_equals_9,rurality_only,GLM_negative_binomial_alpha1_robust,acs_pct_male_z,0.1659271337930034,0.02423358606896226,1.1804870809733121,1.125727288108362,1.2379106050512199,7.541971993478374e-12,3131,66304.0
suppressed_equals_9,rurality_svi_composite,GLM_negative_binomial_alpha1_robust,primary_rurality_metro_other,0.1286525145588019,0.05782429177053658,1.137294862088875,1.0154348076530022,1.273779068420266,0.026088825509424846,3131,66304.0
suppressed_equals_9,rurality_svi_composite,GLM_negative_binomial_alpha1_robust,primary_rurality_nonmetro_adjacent,0.2102541691054282,0.056158057349082094,1.2339916626579996,1.1053747046299838,1.377573972998757,0.00018113417103359829,3131,66304.0
suppressed_equals_9,rurality_svi_composite,GLM_negative_binomial_alpha1_robust,primary_rurality_nonmetro_nonadjacent,0.352454967655295,0.05949253441662604,1.4225555932923593,1.2659838921220066,1.5984914410051196,3.135231380612806e-09,3131,66304.0
suppressed_equals_9,rurality_svi_composite,GLM_negative_binomial_alpha1_robust,svi_quartile_Q2,-0.12917990702035664,0.05479589948652992,0.878815846182289,0.789322836558299,0.9784555263453976,0.01839974494528226,3131,66304.0
suppressed_equals_9,rurality_svi_composite,GLM_negative_binomial_alpha1_robust,svi_quartile_Q3,-0.03659591704246515,0.05830095104898798,0.9640656191385122,0.8599631142180941,1.0807702128596333,0.5301958768260078,3131,66304.0
suppressed_equals_9,rurality_svi_composite,GLM_negative_binomial_alpha1_robust,svi_quartile_Q4_highest,-0.045540047739379086,0.05619578632287062,0.9554813369381703,0.8558297704341178,1.0667361860689468,0.41772072093886403,3131,66304.0
suppressed_equals_9,rurality_svi_composite,GLM_negative_binomial_alpha1_robust,acs_pct_age_65_plus_z,0.3146969762821871,0.024467491221803053,1.369844152790785,1.3057018254424695,1.4371374584692902,7.379803680754726e-38,3131,66304.0
suppressed_equals_9,rurality_svi_composite,GLM_negative_binomial_alpha1_robust,acs_pct_male_z,0.1654776362780206,0.02445903728078813,1.179956574203615,1.1247242822875063,1.237901180700593,1.3284886183803656e-11,3131,66304.0
suppressed_equals_9,acs_component_family,GLM_negative_binomial_alpha1_robust,primary_rurality_metro_other,0.060995683449153994,0.051941641261967375,1.0628943261398902,0.9600115787219409,1.1768028361120344,0.2402701492964464,3131,66304.0
suppressed_equals_9,acs_component_family,GLM_negative_binomial_alpha1_robust,primary_rurality_nonmetro_adjacent,0.1310729615942427,0.050522115800114606,1.140050958213023,1.0325687345458505,1.258721229724314,0.009476498893339387,3131,66304.0
suppressed_equals_9,acs_component_family,GLM_negative_binomial_alpha1_robust,primary_rurality_nonmetro_nonadjacent,0.3068113882711565,0.056230601497008315,1.3590846045992437,1.217256321507703,1.5174379708053904,4.861408992677214e-08,3131,66304.0
suppressed_equals_9,acs_component_family,GLM_negative_binomial_alpha1_robust,acs_pct_poverty_z,-0.020953737774641382,0.03649720291863551,0.9792642664657492,0.9116599178958996,1.0518818308804962,0.5658872744437486,3131,66304.0
suppressed_equals_9,acs_component_family,GLM_negative_binomial_alpha1_robust,acs_median_household_income_z,-0.22737945411763283,0.033031974757323626,0.7966184447831062,0.7466773427018403,0.8498998299216649,5.835173948954569e-12,3131,66304.0
suppressed_equals_9,acs_component_family,GLM_negative_binomial_alpha1_robust,acs_pct_high_school_grad_or_higher_z,-0.02631814194804804,0.03475650008643789,0.9740251620483826,0.9098815233050923,1.0426907152232183,0.44892108683596754,3131,66304.0
suppressed_equals_9,acs_component_family,GLM_negative_binomial_alpha1_robust,acs_pct_uninsured_z,0.12735617803535537,0.02728756611021341,1.1358215004138275,1.07666957355526,1.1982232176788679,3.053511722321882e-06,3131,66304.0
suppressed_equals_9,acs_component_family,GLM_negative_binomial_alpha1_robust,acs_pct_non_hispanic_black_z,-0.05788820687586473,0.01817247161787672,0.9437554469094604,0.9107323241957831,0.9779759869155631,0.0014450964053446184,3131,66304.0
suppressed_equals_9,acs_component_family,GLM_negative_binomial_alpha1_robust,acs_pct_hispanic_z,-0.00790089950736356,0.023969425725739388,0.9921302305600199,0.9465978110659261,1.039852810648983,0.7416840378644456,3131,66304.0
suppressed_equals_9,acs_component_family,GLM_negative_binomial_alpha1_robust,acs_pct_age_65_plus_z,0.2819603158118865,0.025947343516948596,1.3257261085785985,1.2599896700019986,1.3948921620636512,1.6621844621015785e-27,3131,66304.0
population_scaled_residual_allocation,rurality_only,GLM_negative_binomial_alpha1_robust,primary_rurality_metro_other,0.024094213272127386,0.02873803212309693,1.0243868241790937,0.9682815953826073,1.0837429633649924,0.40180126121481163,3131,57817.43527186942
population_scaled_residual_allocation,rurality_only,GLM_negative_binomial_alpha1_robust,primary_rurality_nonmetro_adjacent,0.035219105223623294,0.027072709352312145,1.035846643347873,0.9823148458030472,1.092295686173704,0.19328993423133878,3131,57817.43527186942
population_scaled_residual_allocation,rurality_only,GLM_negative_binomial_alpha1_robust,primary_rurality_nonmetro_nonadjacent,0.043851307318806106,0.028393394953863862,1.0448269852117482,0.9882695972062097,1.104621079220438,0.12248678610444488,3131,57817.43527186942
population_scaled_residual_allocation,rurality_only,GLM_negative_binomial_alpha1_robust,acs_pct_age_65_plus_z,0.05152803718739317,0.009548199617903515,1.052878705635884,1.0333578681750208,1.07276830507835,6.790672515240886e-08,3131,57817.43527186942
population_scaled_residual_allocation,rurality_only,GLM_negative_binomial_alpha1_robust,acs_pct_male_z,-0.023103798962499107,0.012404855063347748,0.9771610502058127,0.953689325782604,1.0012104489643685,0.06253541084342112,3131,57817.43527186942
population_scaled_residual_allocation,rurality_svi_composite,GLM_negative_binomial_alpha1_robust,primary_rurality_metro_other,0.016920260301943095,0.02864082318718158,1.0170642186979908,0.9615432307890859,1.0757910740080434,0.5546717029980013,3131,57817.43527186942
population_scaled_residual_allocation,rurality_svi_composite,GLM_negative_binomial_alpha1_robust,primary_rurality_nonmetro_adjacent,0.024205692719600116,0.02718806449451374,1.0245010286218572,0.9713359240823486,1.0805760722160418,0.3733016837625973,3131,57817.43527186942
population_scaled_residual_allocation,rurality_svi_composite,GLM_negative_binomial_alpha1_robust,primary_rurality_nonmetro_nonadjacent,0.03609288116181375,0.028371926295274366,1.0367521367620538,0.9806731117389546,1.0960379969781406,0.20332564945553522,3131,57817.43527186942
population_scaled_residual_allocation,rurality_svi_composite,GLM_negative_binomial_alpha1_robust,svi_quartile_Q2,0.008901554061890044,0.02453185093617345,1.0089412907127162,0.961576769397952,1.0586388528732793,0.7167117027172474,3131,57817.43527186942
population_scaled_residual_allocation,rurality_svi_composite,GLM_negative_binomial_alpha1_robust,svi_quartile_Q3,0.024588071802751067,0.025345439504778907,1.0248928512934916,0.9752231234251267,1.0770923406156794,0.33198758492746017,3131,57817.43527186942
population_scaled_residual_allocation,rurality_svi_composite,GLM_negative_binomial_alpha1_robust,svi_quartile_Q4_highest,0.06037718843407922,0.025133617010621213,1.0622371345534316,1.0111773035499687,1.1158752535910001,0.01629464441952591,3131,57817.43527186942
population_scaled_residual_allocation,rurality_svi_composite,GLM_negative_binomial_alpha1_robust,acs_pct_age_65_plus_z,0.05355779069963768,0.009588304956274852,1.0550179602319214,1.0353760695937104,1.075032472837332,2.3270546877771122e-08,3131,57817.43527186942
population_scaled_residual_allocation,rurality_svi_composite,GLM_negative_binomial_alpha1_robust,acs_pct_male_z,-0.02086381023288298,0.012464884365622958,0.9793523332537197,0.955715519853475,1.0035737337367436,0.09416854363334735,3131,57817.43527186942
population_scaled_residual_allocation,acs_component_family,GLM_negative_binomial_alpha1_robust,primary_rurality_metro_other,-0.006155792537862456,0.02692406293324721,0.9938631155350695,0.9427756308517866,1.04771894828109,0.8191523473003589,3131,57817.43527186942
population_scaled_residual_allocation,acs_component_family,GLM_negative_binomial_alpha1_robust,primary_rurality_nonmetro_adjacent,0.002807312486539426,0.025636487072317166,1.002811256678234,0.9536674986696085,1.0544874580747061,0.9128022974380786,3131,57817.43527186942
population_scaled_residual_allocation,acs_component_family,GLM_negative_binomial_alpha1_robust,primary_rurality_nonmetro_nonadjacent,0.007889626280249931,0.026763226704361542,1.0079208313932468,0.9564121897186272,1.062203528224927,0.7681516033582017,3131,57817.43527186942
population_scaled_residual_allocation,acs_component_family,GLM_negative_binomial_alpha1_robust,acs_pct_poverty_z,0.001414222781436325,0.015742417478164895,1.0014152232660545,0.970988246324947,1.0327956627534687,0.9284181979842733,3131,57817.43527186942
population_scaled_residual_allocation,acs_component_family,GLM_negative_binomial_alpha1_robust,acs_median_household_income_z,-0.11728125139345795,0.01389503285115188,0.8893350312690743,0.8654414842977753,0.9138882433907363,3.159389656838038e-17,3131,57817.43527186942
population_scaled_residual_allocation,acs_component_family,GLM_negative_binomial_alpha1_robust,acs_pct_high_school_grad_or_higher_z,0.015522787682319425,0.014023163519318312,1.0156438919649715,0.9881086547718873,1.043946442837192,0.2683202693940495,3131,57817.43527186942
population_scaled_residual_allocation,acs_component_family,GLM_negative_binomial_alpha1_robust,acs_pct_uninsured_z,0.0031846536827814034,0.011341762848715076,1.003189730079746,0.9811350124655224,1.025740210828363,0.7788714677841873,3131,57817.43527186942
population_scaled_residual_allocation,acs_component_family,GLM_negative_binomial_alpha1_robust,acs_pct_non_hispanic_black_z,0.02429497838898758,0.010138950456617253,1.024592505965733,1.0044324297799032,1.0451572173064707,0.01656593552885988,3131,57817.43527186942
population_scaled_residual_allocation,acs_component_family,GLM_negative_binomial_alpha1_robust,acs_pct_hispanic_z,0.012534010145501602,0.009919158905602998,1.0126128900667293,0.9931162609175027,1.0324922725381414,0.20636780663818766,3131,57817.43527186942
population_scaled_residual_allocation,acs_component_family,GLM_negative_binomial_alpha1_robust,acs_pct_age_65_plus_z,0.029207965704080945,0.01025709138718574,1.0296387017484323,1.0091456346497718,1.0505479286011368,0.004405197587638403,3131,57817.43527186942
conservative_anti_rural_allocation,rurality_only,GLM_negative_binomial_alpha1_robust,primary_rurality_metro_other,0.022502828259090855,0.03763341107944625,1.0227579267847595,0.9500329056542526,1.1010500484514216,0.5498745352903656,3131,57812.09100924799
conservative_anti_rural_allocation,rurality_only,GLM_negative_binomial_alpha1_robust,primary_rurality_nonmetro_adjacent,0.005674497577796013,0.035260103547698665,1.0056906280354907,0.9385348354952182,1.0776516769191067,0.8721465431005929,3131,57812.09100924799
conservative_anti_rural_allocation,rurality_only,GLM_negative_binomial_alpha1_robust,primary_rurality_nonmetro_nonadjacent,-0.02428064077238193,0.036757490554153754,0.976011762624423,0.9081685205714489,1.0489231229704228,0.5088925595165075,3131,57812.09100924799
conservative_anti_rural_allocation,rurality_only,GLM_negative_binomial_alpha1_robust,acs_pct_age_65_plus_z,0.029578340639569226,0.01236492848178733,1.0300201247465677,1.0053573805283957,1.055287878650003,0.016751556705715574,3131,57812.09100924799
conservative_anti_rural_allocation,rurality_only,GLM_negative_binomial_alpha1_robust,acs_pct_male_z,-0.03393178909760883,0.017224595406139517,0.9666374376007114,0.9345482737721479,0.9998284326177915,0.04884278781449574,3131,57812.09100924799
conservative_anti_rural_allocation,rurality_svi_composite,GLM_negative_binomial_alpha1_robust,primary_rurality_metro_other,0.011587997410234127,0.037559687946613976,1.0116553983479184,0.9398556390740631,1.0889402610966672,0.7576850133808262,3131,57812.09100924799
conservative_anti_rural_allocation,rurality_svi_composite,GLM_negative_binomial_alpha1_robust,primary_rurality_nonmetro_adjacent,-0.008095148121868526,0.03568043455370333,0.9919375293539022,0.9249377880930504,1.0637905325171313,0.82051768342144,3131,57812.09100924799
conservative_anti_rural_allocation,rurality_svi_composite,GLM_negative_binomial_alpha1_robust,primary_rurality_nonmetro_nonadjacent,-0.03465310091217822,0.036761740680509206,0.965940442002365,0.8987897771293955,1.038108088496202,0.3458648823107451,3131,57812.09100924799
conservative_anti_rural_allocation,rurality_svi_composite,GLM_negative_binomial_alpha1_robust,svi_quartile_Q2,0.04538824914624226,0.033192602454856786,1.0464340581802358,0.9805229260057133,1.1167757622764412,0.1714935016510818,3131,57812.09100924799
conservative_anti_rural_allocation,rurality_svi_composite,GLM_negative_binomial_alpha1_robust,svi_quartile_Q3,0.04904085874476559,0.03383199954224047,1.050263262301937,0.9828784089234924,1.122267932764173,0.14718665561077035,3131,57812.09100924799
conservative_anti_rural_allocation,rurality_svi_composite,GLM_negative_binomial_alpha1_robust,svi_quartile_Q4_highest,0.08452062235262592,0.03344398439384995,1.0881952851475072,1.0191514944756008,1.1619165404124463,0.011496636422440273,3131,57812.09100924799
conservative_anti_rural_allocation,rurality_svi_composite,GLM_negative_binomial_alpha1_robust,acs_pct_age_65_plus_z,0.03230603176158995,0.012387382760649941,1.0328335368115122,1.008059062367023,1.0582168789373847,0.009107859209979616,3131,57812.09100924799
conservative_anti_rural_allocation,rurality_svi_composite,GLM_negative_binomial_alpha1_robust,acs_pct_male_z,-0.030930390423455224,0.017224298475158557,0.9695430602089864,0.9373579848538939,1.0028332406491702,0.07253561215725032,3131,57812.09100924799
conservative_anti_rural_allocation,acs_component_family,GLM_negative_binomial_alpha1_robust,primary_rurality_metro_other,-0.0022281390639474,0.036452939630036846,0.9977743413952853,0.928972724430401,1.0716715466078064,0.9512606832521109,3131,57812.09100924799
conservative_anti_rural_allocation,acs_component_family,GLM_negative_binomial_alpha1_robust,primary_rurality_nonmetro_adjacent,-0.012469716026425222,0.034394011210619864,0.9876077087267624,0.9232253008541561,1.0564799138781473,0.716937433173231,3131,57812.09100924799
conservative_anti_rural_allocation,acs_component_family,GLM_negative_binomial_alpha1_robust,primary_rurality_nonmetro_nonadjacent,-0.037265337562468505,0.036011277148515645,0.9634204697926286,0.8977645482485443,1.0338779844072041,0.3007510645325491,3131,57812.09100924799
conservative_anti_rural_allocation,acs_component_family,GLM_negative_binomial_alpha1_robust,acs_pct_poverty_z,-0.039008089201505544,0.021514712986768363,0.9617429293825485,0.9220305452318741,1.003165748684299,0.06981809729824398,3131,57812.09100924799
conservative_anti_rural_allocation,acs_component_family,GLM_negative_binomial_alpha1_robust,acs_median_household_income_z,-0.07647241387702158,0.020054040275467925,0.926378469126715,0.89067263431077,0.9635157015075912,0.0001371140284716972,3131,57812.09100924799
conservative_anti_rural_allocation,acs_component_family,GLM_negative_binomial_alpha1_robust,acs_pct_high_school_grad_or_higher_z,-0.014428158325433151,0.019101043585775523,0.9856754287621781,0.9494558919794706,1.0232766567385847,0.4500331939644564,3131,57812.09100924799
conservative_anti_rural_allocation,acs_component_family,GLM_negative_binomial_alpha1_robust,acs_pct_uninsured_z,-0.0012571168381828035,0.015269737261384624,0.998743673002181,0.9692954594343915,1.0290865542111873,0.9343864147137249,3131,57812.09100924799
conservative_anti_rural_allocation,acs_component_family,GLM_negative_binomial_alpha1_robust,acs_pct_non_hispanic_black_z,0.05987358414497028,0.013171742283810942,1.0617023220546569,1.0346435479354752,1.0894687575305386,5.477676146428021e-06,3131,57812.09100924799
conservative_anti_rural_allocation,acs_component_family,GLM_negative_binomial_alpha1_robust,acs_pct_hispanic_z,-0.03692070387504365,0.01341775137173147,0.9637525541621174,0.9387374014401114,0.9894343021052633,0.005929925320528495,3131,57812.09100924799
conservative_anti_rural_allocation,acs_component_family,GLM_negative_binomial_alpha1_robust,acs_pct_age_65_plus_z,0.014968067523917487,0.01430749818278979,1.0150806500596035,0.9870104727516201,1.0439491318191139,0.29548280437612895,3131,57812.09100924799
pro_rural_allocation,rurality_only,GLM_negative_binomial_alpha1_robust,primary_rurality_metro_other,0.06029508748966704,0.033879054483338195,1.0621499274614363,0.9939107557562651,1.1350742125211408,0.07512248851003679,3131,57818.54555727841
pro_rural_allocation,rurality_only,GLM_negative_binomial_alpha1_robust,primary_rurality_nonmetro_adjacent,0.08677256428001891,0.03197575046580637,1.0906485990587722,1.0243928476885549,1.1611896444932122,0.006653657798480192,3131,57818.54555727841
pro_rural_allocation,rurality_only,GLM_negative_binomial_alpha1_robust,primary_rurality_nonmetro_nonadjacent,0.124395128526495,0.033164740012652634,1.1324632511427597,1.0611913988181045,1.2085218713769974,0.00017625384413880329,3131,57818.54555727841
pro_rural_allocation,rurality_only,GLM_negative_binomial_alpha1_robust,acs_pct_age_65_plus_z,0.09258870914622333,0.010590327689643273,1.0970104521046768,1.074474459195821,1.1200191142073337,2.27480577762267e-18,3131,57818.54555727841
pro_rural_allocation,rurality_only,GLM_negative_binomial_alpha1_robust,acs_pct_male_z,0.0008168943400324695,0.0131815024517953,1.000817228089087,0.9752915271557797,1.0270109973793875,0.9505845094299862,3131,57818.54555727841
pro_rural_allocation,rurality_svi_composite,GLM_negative_binomial_alpha1_robust,primary_rurality_metro_other,0.05484543774608475,0.033918716021668675,1.0563773259961953,0.9884321820483534,1.1289930408440314,0.10588544732055062,3131,57818.54555727841
pro_rural_allocation,rurality_svi_composite,GLM_negative_binomial_alpha1_robust,primary_rurality_nonmetro_adjacent,0.07732106084835552,0.032273778279729715,1.0803888912892698,1.014163825187253,1.1509384651988954,0.016584777499229833,3131,57818.54555727841
pro_rural_allocation,rurality_svi_composite,GLM_negative_binomial_alpha1_robust,primary_rurality_nonmetro_nonadjacent,0.11789983088487171,0.033261754153955485,1.125131402305481,1.0541205240160263,1.200925931724532,0.00039319957900024597,3131,57818.54555727841
pro_rural_allocation,rurality_svi_composite,GLM_negative_binomial_alpha1_robust,svi_quartile_Q2,-0.014148969002765306,0.02826289826812733,0.9859506572361423,0.9328188556023294,1.0421087574143089,0.6166386620458922,3131,57818.54555727841
pro_rural_allocation,rurality_svi_composite,GLM_negative_binomial_alpha1_robust,svi_quartile_Q3,0.010926741899492061,0.028647881604196315,1.0109866567696835,0.9557842168073964,1.0693773784844867,0.7028950698297848,3131,57818.54555727841
pro_rural_allocation,rurality_svi_composite,GLM_negative_binomial_alpha1_robust,svi_quartile_Q4_highest,0.047770673355989876,0.02824836563437531,1.048930080125297,0.9924326543448637,1.1086438038639252,0.09081863653502609,3131,57818.54555727841
pro_rural_allocation,rurality_svi_composite,GLM_negative_binomial_alpha1_robust,acs_pct_age_65_plus_z,0.0943523347270264,0.010648060999147852,1.0989468748608542,1.0762493094877927,1.1221231206561215,7.930880653241443e-19,3131,57818.54555727841
pro_rural_allocation,rurality_svi_composite,GLM_negative_binomial_alpha1_robust,acs_pct_male_z,0.002556531528604249,0.013227769741421832,1.002559802241966,0.9769010639996721,1.0288924785855156,0.846747492025954,3131,57818.54555727841
pro_rural_allocation,acs_component_family,GLM_negative_binomial_alpha1_robust,primary_rurality_metro_other,0.020308363300609242,0.031644517964703064,1.0205159811886528,0.9591432010793292,1.085815826760265,0.5210253834301597,3131,57818.54555727841
pro_rural_allocation,acs_component_family,GLM_negative_binomial_alpha1_robust,primary_rurality_nonmetro_adjacent,0.03955862057049635,0.030102655436767302,1.0403514830949316,0.9807452039548514,1.103580424368457,0.1888044944789734,3131,57818.54555727841
pro_rural_allocation,acs_component_family,GLM_negative_binomial_alpha1_robust,primary_rurality_nonmetro_nonadjacent,0.07276091562860874,0.031146027914330274,1.0754733772981464,1.0117835867548324,1.1431723151260706,0.019484893034542698,3131,57818.54555727841
pro_rural_allocation,acs_component_family,GLM_negative_binomial_alpha1_robust,acs_pct_poverty_z,0.02160911876680149,0.017571863898318697,1.0218442866425232,0.9872502412261508,1.0576505353365406,0.21878819725931697,3131,57818.54555727841
pro_rural_allocation,acs_component_family,GLM_negative_binomial_alpha1_robust,acs_median_household_income_z,-0.15715602188448105,0.016361238649333,0.8545707166821709,0.8276010622034126,0.8824192514523186,7.587268888074045e-22,3131,57818.54555727841
pro_rural_allocation,acs_component_family,GLM_negative_binomial_alpha1_robust,acs_pct_high_school_grad_or_higher_z,0.019601557533105808,0.01530307948318803,1.019794929459098,0.9896613369623591,1.0508460412756748,0.20023239633236267,3131,57818.54555727841
pro_rural_allocation,acs_component_family,GLM_negative_binomial_alpha1_robust,acs_pct_uninsured_z,0.012917504685409042,0.012228151241796064,1.013001296052137,0.9890111516420643,1.0375733621401004,0.2907972435799471,3131,57818.54555727841
pro_rural_allocation,acs_component_family,GLM_negative_binomial_alpha1_robust,acs_pct_non_hispanic_black_z,0.0002960021829471666,0.010923124989755882,1.000296045995916,0.9791080030248993,1.021942601371647,0.9783810338440818,3131,57818.54555727841
pro_rural_allocation,acs_component_family,GLM_negative_binomial_alpha1_robust,acs_pct_hispanic_z,0.03472627622743236,0.010988615654900738,1.0353362738591956,1.0132759425896314,1.0578768871479687,0.0015765826229130774,3131,57818.54555727841
pro_rural_allocation,acs_component_family,GLM_negative_binomial_alpha1_robust,acs_pct_age_65_plus_z,0.06245143226368486,0.011474227698008587,1.0644427600871276,1.040771167907373,1.0886527456175081,5.246221335550396e-08,3131,57818.54555727841
