county_fips,year,complete_count,public_status,public_lower,public_upper,posterior_mean,posterior_median,posterior_lower_95,posterior_upper_95,absolute_error_posterior_mean,squared_error_posterior_mean,truth_covered_by_95_interval
13005,2019,0,zero,0,0,0.0,0.0,0.0,0.0,0.0,0.0,True
13005,2020,0,zero,0,0,0.0,0.0,0.0,0.0,0.0,0.0,True
13005,2021,1,suppressed_1_9,1,9,1.8579166666666667,2.0,1.0,4.0,0.8579166666666667,0.7360210069444444,True
13005,2022,1,suppressed_1_9,1,9,1.5204166666666667,1.0,1.0,3.0,0.5204166666666667,0.2708335069444445,True
13005,2023,3,suppressed_1_9,1,9,1.6233333333333333,1.0,1.0,4.0,1.3766666666666667,1.8952111111111112,True
13005,2024,0,zero,0,0,0.0,0.0,0.0,0.0,0.0,0.0,True
13015,2019,4,suppressed_1_9,1,9,6.1725,6.0,3.0,9.0,2.1725000000000003,4.719756250000001,True
13015,2020,4,suppressed_1_9,1,9,2.90375,3.0,1.0,5.0,1.09625,1.2017640625,True
13015,2021,5,suppressed_1_9,1,9,6.347083333333333,6.0,3.0,9.0,1.347083333333333,1.8146335069444435,True
13015,2022,4,suppressed_1_9,1,9,4.191666666666666,4.0,1.0,7.0,0.19166666666666643,0.03673611111111102,True
13015,2023,6,suppressed_1_9,1,9,5.02375,5.0,2.0,8.0,0.9762500000000003,0.9530640625000005,True
13015,2024,6,suppressed_1_9,1,9,4.36125,4.0,1.0,8.0,1.63875,2.6855015625,True
13023,2019,0,zero,0,0,0.0,0.0,0.0,0.0,0.0,0.0,True
13023,2020,3,suppressed_1_9,1,9,1.4779166666666668,1.0,1.0,3.0,1.5220833333333332,2.3167376736111107,True
13023,2021,2,suppressed_1_9,1,9,2.0883333333333334,2.0,1.0,4.0,0.08833333333333337,0.007802777777777785,True
13023,2022,0,zero,0,0,0.0,0.0,0.0,0.0,0.0,0.0,True
13023,2023,1,suppressed_1_9,1,9,1.7591666666666668,2.0,1.0,4.0,0.7591666666666668,0.576334027777778,True
13023,2024,0,zero,0,0,0.0,0.0,0.0,0.0,0.0,0.0,True
13121,2019,42,exact,42,42,42.0,42.0,42.0,42.0,0.0,0.0,True
13121,2020,44,exact,44,44,44.0,44.0,44.0,44.0,0.0,0.0,True
13121,2021,57,exact,57,57,57.0,57.0,57.0,57.0,0.0,0.0,True
13121,2022,34,exact,34,34,34.0,34.0,34.0,34.0,0.0,0.0,True
13121,2023,33,exact,33,33,33.0,33.0,33.0,33.0,0.0,0.0,True
13121,2024,35,exact,35,35,35.0,35.0,35.0,35.0,0.0,0.0,True
13141,2019,0,zero,0,0,0.0,0.0,0.0,0.0,0.0,0.0,True
13141,2020,1,suppressed_1_9,1,9,1.25625,1.0,1.0,3.0,0.2562500000000001,0.06566406250000005,True
13141,2021,0,zero,0,0,0.0,0.0,0.0,0.0,0.0,0.0,True
13141,2022,0,zero,0,0,0.0,0.0,0.0,0.0,0.0,0.0,True
13141,2023,3,suppressed_1_9,1,9,1.4470833333333333,1.0,1.0,3.0,1.5529166666666667,2.4115501736111113,True
13141,2024,1,suppressed_1_9,1,9,1.3416666666666666,1.0,1.0,3.0,0.34166666666666656,0.11673611111111104,True
13195,2019,3,suppressed_1_9,1,9,2.3225,2.0,1.0,5.0,0.6775000000000002,0.4590062500000003,True
13195,2020,1,suppressed_1_9,1,9,1.5445833333333334,1.0,1.0,3.0,0.5445833333333334,0.29657100694444455,True
13195,2021,4,suppressed_1_9,1,9,2.3758333333333335,2.0,1.0,5.0,1.6241666666666665,2.6379173611111106,True
13195,2022,1,suppressed_1_9,1,9,1.8370833333333334,2.0,1.0,4.0,0.8370833333333334,0.7007085069444445,True
13195,2023,1,suppressed_1_9,1,9,1.9841666666666666,2.0,1.0,4.0,0.9841666666666666,0.9685840277777777,True
13195,2024,2,suppressed_1_9,1,9,1.9358333333333333,2.0,1.0,4.0,0.0641666666666667,0.004117361111111116,True
13217,2019,8,suppressed_1_9,1,9,4.749583333333334,5.0,2.0,8.0,3.2504166666666663,10.565208506944442,True
13217,2020,1,suppressed_1_9,1,9,2.232083333333333,2.0,1.0,5.0,1.2320833333333332,1.5180293402777774,True
13217,2021,6,suppressed_1_9,1,9,5.189583333333333,5.0,2.0,8.0,0.8104166666666668,0.6567751736111113,True
13217,2022,11,exact,11,11,11.0,11.0,11.0,11.0,0.0,0.0,True
13217,2023,2,suppressed_1_9,1,9,3.73125,4.0,1.0,8.0,1.7312500000000002,2.9972265625000007,True
13217,2024,2,suppressed_1_9,1,9,3.0975,3.0,1.0,6.0,1.0975000000000001,1.2045062500000003,True
13229,2019,1,suppressed_1_9,1,9,1.9216666666666666,2.0,1.0,4.0,0.9216666666666666,0.8494694444444444,True
13229,2020,1,suppressed_1_9,1,9,1.3816666666666666,1.0,1.0,3.0,0.3816666666666666,0.14566944444444438,True
13229,2021,2,suppressed_1_9,1,9,1.9791666666666667,2.0,1.0,4.0,0.02083333333333326,0.0004340277777777747,True
13229,2022,2,suppressed_1_9,1,9,1.5716666666666668,1.0,1.0,3.0,0.42833333333333323,0.18346944444444435,True
13229,2023,2,suppressed_1_9,1,9,1.6408333333333334,1.0,1.0,3.0,0.35916666666666663,0.12900069444444442,True
13229,2024,2,suppressed_1_9,1,9,1.505,1.0,1.0,3.0,0.4950000000000001,0.2450250000000001,True
13231,2019,0,zero,0,0,0.0,0.0,0.0,0.0,0.0,0.0,True
13231,2020,0,zero,0,0,0.0,0.0,0.0,0.0,0.0,0.0,True
13231,2021,1,suppressed_1_9,1,9,1.8029166666666667,2.0,1.0,4.0,0.8029166666666667,0.6446751736111112,True
13231,2022,0,zero,0,0,0.0,0.0,0.0,0.0,0.0,0.0,True
13231,2023,1,suppressed_1_9,1,9,1.6279166666666667,1.0,1.0,4.0,0.6279166666666667,0.3942793402777778,True
13231,2024,0,zero,0,0,0.0,0.0,0.0,0.0,0.0,0.0,True
13265,2019,0,zero,0,0,0.0,0.0,0.0,0.0,0.0,0.0,True
13265,2020,1,suppressed_1_9,1,9,1.06,1.0,1.0,2.0,0.06000000000000005,0.0036000000000000064,True
13265,2021,1,suppressed_1_9,1,9,1.1370833333333332,1.0,1.0,2.0,0.13708333333333322,0.01879184027777775,True
13265,2022,0,zero,0,0,0.0,0.0,0.0,0.0,0.0,0.0,True
13265,2023,0,zero,0,0,0.0,0.0,0.0,0.0,0.0,0.0,True
13265,2024,0,zero,0,0,0.0,0.0,0.0,0.0,0.0,0.0,True
13275,2019,1,suppressed_1_9,1,9,4.051666666666667,4.0,1.0,7.0,3.0516666666666667,9.312669444444445,True
13275,2020,2,suppressed_1_9,1,9,2.14375,2.0,1.0,5.0,0.14374999999999982,0.020664062499999948,True
13275,2021,7,suppressed_1_9,1,9,4.31125,4.0,1.0,8.0,2.6887499999999998,7.229376562499999,True
13275,2022,3,suppressed_1_9,1,9,2.8545833333333333,3.0,1.0,6.0,0.14541666666666675,0.02114600694444447,True
13275,2023,4,suppressed_1_9,1,9,2.9225,3.0,1.0,6.0,1.0775000000000001,1.1610062500000002,True
13275,2024,2,suppressed_1_9,1,9,2.71625,3.0,1.0,6.0,0.71625,0.5130140625,True
13293,2019,5,suppressed_1_9,1,9,2.7820833333333335,3.0,1.0,5.0,2.2179166666666665,4.919154340277777,True
13293,2020,0,zero,0,0,0.0,0.0,0.0,0.0,0.0,0.0,True
13293,2021,1,suppressed_1_9,1,9,2.910833333333333,3.0,1.0,6.0,1.9108333333333332,3.651284027777777,True
13293,2022,3,suppressed_1_9,1,9,2.024583333333333,2.0,1.0,4.0,0.9754166666666668,0.9514376736111114,True
13293,2023,1,suppressed_1_9,1,9,2.24,2.0,1.0,5.0,1.2400000000000002,1.5376000000000005,True
13293,2024,2,suppressed_1_9,1,9,2.0425,2.0,1.0,4.0,0.04249999999999998,0.0018062499999999984,True
20007,2019,0,zero,0,0,0.0,0.0,0.0,0.0,0.0,0.0,True
20007,2020,0,zero,0,0,0.0,0.0,0.0,0.0,0.0,0.0,True
20007,2021,0,zero,0,0,0.0,0.0,0.0,0.0,0.0,0.0,True
20007,2022,0,zero,0,0,0.0,0.0,0.0,0.0,0.0,0.0,True
20007,2023,0,zero,0,0,0.0,0.0,0.0,0.0,0.0,0.0,True
20007,2024,0,zero,0,0,0.0,0.0,0.0,0.0,0.0,0.0,True
20017,2019,0,zero,0,0,0.0,0.0,0.0,0.0,0.0,0.0,True
20017,2020,0,zero,0,0,0.0,0.0,0.0,0.0,0.0,0.0,True
20017,2021,1,suppressed_1_9,1,9,1.02375,1.0,1.0,1.0,0.023749999999999938,0.0005640624999999971,True
20017,2022,0,zero,0,0,0.0,0.0,0.0,0.0,0.0,0.0,True
20017,2023,0,zero,0,0,0.0,0.0,0.0,0.0,0.0,0.0,True
20017,2024,0,zero,0,0,0.0,0.0,0.0,0.0,0.0,0.0,True
20027,2019,0,zero,0,0,0.0,0.0,0.0,0.0,0.0,0.0,True
20027,2020,0,zero,0,0,0.0,0.0,0.0,0.0,0.0,0.0,True
20027,2021,0,zero,0,0,0.0,0.0,0.0,0.0,0.0,0.0,True
20027,2022,0,zero,0,0,0.0,0.0,0.0,0.0,0.0,0.0,True
20027,2023,2,suppressed_1_9,1,9,1.0820833333333333,1.0,1.0,2.0,0.9179166666666667,0.8425710069444445,True
20027,2024,1,suppressed_1_9,1,9,1.06375,1.0,1.0,2.0,0.06374999999999997,0.0040640624999999965,True
20071,2019,1,suppressed_1_9,1,9,1.0029166666666667,1.0,1.0,1.0,0.0029166666666666785,8.506944444444513e-06,True
20071,2020,0,zero,0,0,0.0,0.0,0.0,0.0,0.0,0.0,True
20071,2021,0,zero,0,0,0.0,0.0,0.0,0.0,0.0,0.0,True
20071,2022,0,zero,0,0,0.0,0.0,0.0,0.0,0.0,0.0,True
20071,2023,0,zero,0,0,0.0,0.0,0.0,0.0,0.0,0.0,True
20071,2024,0,zero,0,0,0.0,0.0,0.0,0.0,0.0,0.0,True
20079,2019,2,suppressed_1_9,1,9,1.4545833333333333,1.0,1.0,2.0,0.5454166666666667,0.2974793402777778,True
20079,2020,1,suppressed_1_9,1,9,1.0,1.0,1.0,1.0,0.0,0.0,True
20079,2021,1,suppressed_1_9,1,9,2.2416666666666667,2.0,1.0,4.0,1.2416666666666667,1.5417361111111112,True
20079,2022,2,suppressed_1_9,1,9,1.4704166666666667,1.0,1.0,2.0,0.5295833333333333,0.2804585069444444,True
20079,2023,2,suppressed_1_9,1,9,2.05875,2.0,1.0,4.0,0.05874999999999986,0.0034515624999999833,True
20079,2024,2,suppressed_1_9,1,9,1.7745833333333334,2.0,1.0,3.0,0.2254166666666666,0.05081267361111108,True
20091,2019,7,suppressed_1_9,1,9,7.0,7.0,7.0,7.0,0.0,0.0,True
20091,2020,26,exact,26,26,26.0,26.0,26.0,26.0,0.0,0.0,True
20091,2021,25,exact,25,25,25.0,25.0,25.0,25.0,0.0,0.0,True
20091,2022,27,exact,27,27,27.0,27.0,27.0,27.0,0.0,0.0,True
20091,2023,25,exact,25,25,25.0,25.0,25.0,25.0,0.0,0.0,True
20091,2024,26,exact,26,26,26.0,26.0,26.0,26.0,0.0,0.0,True
20103,2019,1,suppressed_1_9,1,9,1.5425,2.0,1.0,2.0,0.5425,0.29430625,True
20103,2020,1,suppressed_1_9,1,9,1.0,1.0,1.0,1.0,0.0,0.0,True
20103,2021,5,suppressed_1_9,1,9,3.4079166666666665,3.0,1.0,5.0,1.5920833333333335,2.5347293402777784,True
20103,2022,1,suppressed_1_9,1,9,1.5295833333333333,2.0,1.0,2.0,0.5295833333333333,0.2804585069444444,True
20103,2023,2,suppressed_1_9,1,9,2.5616666666666665,3.0,1.0,4.0,0.5616666666666665,0.3154694444444443,True
20103,2024,2,suppressed_1_9,1,9,1.9583333333333333,2.0,1.0,3.0,0.04166666666666674,0.0017361111111111173,True
20117,2019,0,zero,0,0,0.0,0.0,0.0,0.0,0.0,0.0,True
20117,2020,0,zero,0,0,0.0,0.0,0.0,0.0,0.0,0.0,True
20117,2021,0,zero,0,0,0.0,0.0,0.0,0.0,0.0,0.0,True
20117,2022,0,zero,0,0,0.0,0.0,0.0,0.0,0.0,0.0,True
20117,2023,0,zero,0,0,0.0,0.0,0.0,0.0,0.0,0.0,True
20117,2024,1,suppressed_1_9,1,9,1.0670833333333334,1.0,1.0,2.0,0.06708333333333338,0.004500173611111118,True
20139,2019,0,zero,0,0,0.0,0.0,0.0,0.0,0.0,0.0,True
20139,2020,0,zero,0,0,0.0,0.0,0.0,0.0,0.0,0.0,True
20139,2021,1,suppressed_1_9,1,9,1.1095833333333334,1.0,1.0,2.0,0.10958333333333337,0.012008506944444452,True
20139,2022,0,zero,0,0,0.0,0.0,0.0,0.0,0.0,0.0,True
20139,2023,1,suppressed_1_9,1,9,1.1104166666666666,1.0,1.0,2.0,0.11041666666666661,0.012191840277777765,True
20139,2024,0,zero,0,0,0.0,0.0,0.0,0.0,0.0,0.0,True
20143,2019,0,zero,0,0,0.0,0.0,0.0,0.0,0.0,0.0,True
20143,2020,0,zero,0,0,0.0,0.0,0.0,0.0,0.0,0.0,True
20143,2021,1,suppressed_1_9,1,9,1.035,1.0,1.0,2.0,0.03499999999999992,0.0012249999999999943,True
20143,2022,0,zero,0,0,0.0,0.0,0.0,0.0,0.0,0.0,True
20143,2023,0,zero,0,0,0.0,0.0,0.0,0.0,0.0,0.0,True
20143,2024,0,zero,0,0,0.0,0.0,0.0,0.0,0.0,0.0,True
20149,2019,0,zero,0,0,0.0,0.0,0.0,0.0,0.0,0.0,True
20149,2020,1,suppressed_1_9,1,9,1.0,1.0,1.0,1.0,0.0,0.0,True
20149,2021,1,suppressed_1_9,1,9,1.1820833333333334,1.0,1.0,2.0,0.18208333333333337,0.03315434027777779,True
20149,2022,0,zero,0,0,0.0,0.0,0.0,0.0,0.0,0.0,True
20149,2023,1,suppressed_1_9,1,9,1.1575,1.0,1.0,2.0,0.15749999999999997,0.02480624999999999,True
20149,2024,1,suppressed_1_9,1,9,1.13625,1.0,1.0,2.0,0.13624999999999998,0.018564062499999995,True
20183,2019,0,zero,0,0,0.0,0.0,0.0,0.0,0.0,0.0,True
20183,2020,0,zero,0,0,0.0,0.0,0.0,0.0,0.0,0.0,True
20183,2021,0,zero,0,0,0.0,0.0,0.0,0.0,0.0,0.0,True
20183,2022,0,zero,0,0,0.0,0.0,0.0,0.0,0.0,0.0,True
20183,2023,1,suppressed_1_9,1,9,1.0295833333333333,1.0,1.0,2.0,0.029583333333333295,0.0008751736111111088,True
20183,2024,0,zero,0,0,0.0,0.0,0.0,0.0,0.0,0.0,True
21033,2019,0,zero,0,0,0.0,0.0,0.0,0.0,0.0,0.0,True
21033,2020,1,suppressed_1_9,1,9,1.40375,1.0,1.0,3.0,0.40375000000000005,0.16301406250000006,True
21033,2021,0,zero,0,0,0.0,0.0,0.0,0.0,0.0,0.0,True
21033,2022,1,suppressed_1_9,1,9,1.6079166666666667,1.0,1.0,4.0,0.6079166666666667,0.3695626736111111,True
21033,2023,0,zero,0,0,0.0,0.0,0.0,0.0,0.0,0.0,True
21033,2024,0,zero,0,0,0.0,0.0,0.0,0.0,0.0,0.0,True
21091,2019,0,zero,0,0,0.0,0.0,0.0,0.0,0.0,0.0,True
21091,2020,0,zero,0,0,0.0,0.0,0.0,0.0,0.0,0.0,True
21091,2021,0,zero,0,0,0.0,0.0,0.0,0.0,0.0,0.0,True
21091,2022,0,zero,0,0,0.0,0.0,0.0,0.0,0.0,0.0,True
21091,2023,0,zero,0,0,0.0,0.0,0.0,0.0,0.0,0.0,True
21091,2024,1,suppressed_1_9,1,9,1.3875,1.0,1.0,3.0,0.38749999999999996,0.15015624999999996,True
21103,2019,1,suppressed_1_9,1,9,1.4408333333333334,1.0,1.0,3.0,0.4408333333333334,0.19433402777777783,True
21103,2020,0,zero,0,0,0.0,0.0,0.0,0.0,0.0,0.0,True
21103,2021,0,zero,0,0,0.0,0.0,0.0,0.0,0.0,0.0,True
21103,2022,0,zero,0,0,0.0,0.0,0.0,0.0,0.0,0.0,True
21103,2023,2,suppressed_1_9,1,9,1.4883333333333333,1.0,1.0,3.0,0.5116666666666667,0.26180277777777783,True
21103,2024,1,suppressed_1_9,1,9,1.6445833333333333,1.0,1.0,4.0,0.6445833333333333,0.41548767361111105,True
21111,2019,34,exact,34,34,34.0,34.0,34.0,34.0,0.0,0.0,True
21111,2020,59,exact,59,59,59.0,59.0,59.0,59.0,0.0,0.0,True
21111,2021,36,exact,36,36,36.0,36.0,36.0,36.0,0.0,0.0,True
21111,2022,31,exact,31,31,31.0,31.0,31.0,31.0,0.0,0.0,True
21111,2023,14,exact,14,14,14.0,14.0,14.0,14.0,0.0,0.0,True
21111,2024,40,exact,40,40,40.0,40.0,40.0,40.0,0.0,0.0,True
21115,2019,2,suppressed_1_9,1,9,1.735,2.0,1.0,4.0,0.2649999999999999,0.07022499999999995,True
21115,2020,0,zero,0,0,0.0,0.0,0.0,0.0,0.0,0.0,True
21115,2021,2,suppressed_1_9,1,9,1.88375,2.0,1.0,4.0,0.11624999999999996,0.013514062499999991,True
21115,2022,1,suppressed_1_9,1,9,2.0620833333333333,2.0,1.0,4.0,1.0620833333333333,1.1280210069444443,True
21115,2023,3,suppressed_1_9,1,9,1.7683333333333333,2.0,1.0,4.0,1.2316666666666667,1.517002777777778,True
21115,2024,0,zero,0,0,0.0,0.0,0.0,0.0,0.0,0.0,True
21121,2019,0,zero,0,0,0.0,0.0,0.0,0.0,0.0,0.0,True
21121,2020,2,suppressed_1_9,1,9,2.355,2.0,1.0,5.0,0.355,0.126025,True
21121,2021,3,suppressed_1_9,1,9,2.7066666666666666,3.0,1.0,5.025000000000091,0.29333333333333345,0.0860444444444445,True
21121,2022,6,suppressed_1_9,1,9,3.2354166666666666,3.0,1.0,6.0,2.7645833333333334,7.642921006944444,True
21121,2023,1,suppressed_1_9,1,9,2.5616666666666665,2.0,1.0,5.0,1.5616666666666665,2.438802777777777,True
21121,2024,2,suppressed_1_9,1,9,3.14125,3.0,1.0,6.0,1.1412499999999999,1.3024515624999997,True
21161,2019,0,zero,0,0,0.0,0.0,0.0,0.0,0.0,0.0,True
21161,2020,0,zero,0,0,0.0,0.0,0.0,0.0,0.0,0.0,True
21161,2021,1,suppressed_1_9,1,9,1.8675,2.0,1.0,4.0,0.8674999999999999,0.7525562499999999,True
21161,2022,0,zero,0,0,0.0,0.0,0.0,0.0,0.0,0.0,True
21161,2023,1,suppressed_1_9,1,9,1.8433333333333333,2.0,1.0,4.0,0.8433333333333333,0.711211111111111,True
21161,2024,3,suppressed_1_9,1,9,2.0825,2.0,1.0,5.0,0.9175,0.84180625,True
21179,2019,1,suppressed_1_9,1,9,1.775,2.0,1.0,4.0,0.7749999999999999,0.6006249999999999,True
21179,2020,2,suppressed_1_9,1,9,1.7616666666666667,2.0,1.0,4.0,0.23833333333333329,0.05680277777777776,True
21179,2021,2,suppressed_1_9,1,9,1.9858333333333333,2.0,1.0,4.0,0.01416666666666666,0.0002006944444444443,True
21179,2022,2,suppressed_1_9,1,9,2.35875,2.0,1.0,5.0,0.3587500000000001,0.1287015625000001,True
21179,2023,4,suppressed_1_9,1,9,1.8791666666666667,2.0,1.0,4.0,2.1208333333333336,4.497934027777779,True
21179,2024,1,suppressed_1_9,1,9,2.2395833333333335,2.0,1.0,5.0,1.2395833333333335,1.5365668402777781,True
21195,2019,5,suppressed_1_9,1,9,4.113333333333333,4.0,1.0,7.0,0.8866666666666667,0.7861777777777779,True
21195,2020,5,suppressed_1_9,1,9,3.6283333333333334,4.0,1.0,6.0,1.3716666666666666,1.8814694444444442,True
21195,2021,3,suppressed_1_9,1,9,4.67375,5.0,2.0,8.0,1.67375,2.8014390625,True
21195,2022,5,suppressed_1_9,1,9,5.42875,5.0,2.0,8.0,0.42874999999999996,0.18382656249999996,True
21195,2023,2,suppressed_1_9,1,9,3.8383333333333334,4.0,1.0,7.0,1.8383333333333334,3.3794694444444446,True
21195,2024,7,suppressed_1_9,1,9,5.3175,5.0,2.0,8.0,1.6825,2.83080625,True
21201,2019,2,suppressed_1_9,1,9,1.115,1.0,1.0,2.0,0.885,0.7832250000000001,True
21201,2020,1,suppressed_1_9,1,9,1.1125,1.0,1.0,2.0,0.11250000000000004,0.01265625000000001,True
21201,2021,1,suppressed_1_9,1,9,1.1454166666666667,1.0,1.0,2.0,0.14541666666666675,0.02114600694444447,True
21201,2022,0,zero,0,0,0.0,0.0,0.0,0.0,0.0,0.0,True
21201,2023,0,zero,0,0,0.0,0.0,0.0,0.0,0.0,0.0,True
21201,2024,0,zero,0,0,0.0,0.0,0.0,0.0,0.0,0.0,True
21207,2019,0,zero,0,0,0.0,0.0,0.0,0.0,0.0,0.0,True
21207,2020,0,zero,0,0,0.0,0.0,0.0,0.0,0.0,0.0,True
21207,2021,4,suppressed_1_9,1,9,1.7370833333333333,2.0,1.0,4.0,2.2629166666666665,5.120791840277777,True
21207,2022,0,zero,0,0,0.0,0.0,0.0,0.0,0.0,0.0,True
21207,2023,1,suppressed_1_9,1,9,1.6745833333333333,1.0,1.0,4.0,0.6745833333333333,0.4550626736111111,True
21207,2024,0,zero,0,0,0.0,0.0,0.0,0.0,0.0,0.0,True
21239,2019,1,suppressed_1_9,1,9,1.8208333333333333,2.0,1.0,4.0,0.8208333333333333,0.673767361111111,True
21239,2020,1,suppressed_1_9,1,9,1.73875,2.0,1.0,4.0,0.73875,0.5457515625,True
21239,2021,0,zero,0,0,0.0,0.0,0.0,0.0,0.0,0.0,True
21239,2022,2,suppressed_1_9,1,9,2.3070833333333334,2.0,1.0,5.0,0.3070833333333334,0.09430017361111113,True
21239,2023,3,suppressed_1_9,1,9,1.94625,2.0,1.0,4.0,1.05375,1.1103890625,True
21239,2024,3,suppressed_1_9,1,9,2.1870833333333333,2.0,1.0,4.0,0.8129166666666667,0.6608335069444445,True
29009,2019,3,suppressed_1_9,1,9,3.1525,3.0,1.0,6.0,0.15249999999999986,0.023256249999999958,True
29009,2020,1,suppressed_1_9,1,9,1.20875,1.0,1.0,2.0,0.20875,0.0435765625,True
29009,2021,3,suppressed_1_9,1,9,2.432916666666667,2.0,1.0,5.0,0.5670833333333332,0.32158350694444426,True
29009,2022,2,suppressed_1_9,1,9,1.7908333333333333,2.0,1.0,4.0,0.20916666666666672,0.04375069444444447,True
29009,2023,2,suppressed_1_9,1,9,2.3220833333333335,2.0,1.0,5.0,0.3220833333333335,0.10373767361111122,True
29009,2024,2,suppressed_1_9,1,9,2.0929166666666665,2.0,1.0,4.0,0.09291666666666654,0.008633506944444421,True
29057,2019,1,suppressed_1_9,1,9,1.5045833333333334,1.0,1.0,3.0,0.5045833333333334,0.25460434027777784,True
29057,2020,0,zero,0,0,0.0,0.0,0.0,0.0,0.0,0.0,True
29057,2021,0,zero,0,0,0.0,0.0,0.0,0.0,0.0,0.0,True
29057,2022,1,suppressed_1_9,1,9,1.2158333333333333,1.0,1.0,2.0,0.21583333333333332,0.04658402777777777,True
29057,2023,0,zero,0,0,0.0,0.0,0.0,0.0,0.0,0.0,True
29057,2024,1,suppressed_1_9,1,9,1.29,1.0,1.0,3.0,0.29000000000000004,0.08410000000000002,True
29113,2019,2,suppressed_1_9,1,9,2.2308333333333334,2.0,1.0,4.0,0.23083333333333345,0.05328402777777783,True
29113,2020,0,zero,0,0,0.0,0.0,0.0,0.0,0.0,0.0,True
29113,2021,2,suppressed_1_9,1,9,1.99,2.0,1.0,4.0,0.010000000000000009,0.00010000000000000018,True
29113,2022,0,zero,0,0,0.0,0.0,0.0,0.0,0.0,0.0,True
29113,2023,1,suppressed_1_9,1,9,1.94,2.0,1.0,4.0,0.94,0.8835999999999999,True
29113,2024,2,suppressed_1_9,1,9,1.79875,2.0,1.0,4.0,0.20124999999999993,0.04050156249999997,True
29121,2019,0,zero,0,0,0.0,0.0,0.0,0.0,0.0,0.0,True
29121,2020,0,zero,0,0,0.0,0.0,0.0,0.0,0.0,0.0,True
29121,2021,2,suppressed_1_9,1,9,1.5575,1.0,1.0,3.0,0.4424999999999999,0.1958062499999999,True
29121,2022,1,suppressed_1_9,1,9,1.30375,1.0,1.0,3.0,0.30374999999999996,0.09226406249999998,True
29121,2023,0,zero,0,0,0.0,0.0,0.0,0.0,0.0,0.0,True
29121,2024,1,suppressed_1_9,1,9,1.4383333333333332,1.0,1.0,3.0,0.43833333333333324,0.19213611111111104,True
29165,2019,6,suppressed_1_9,1,9,5.236666666666666,5.0,2.0,8.0,0.7633333333333336,0.5826777777777783,True
29165,2020,1,suppressed_1_9,1,9,1.3058333333333334,1.0,1.0,2.0,0.3058333333333334,0.09353402777777782,True
29165,2021,6,suppressed_1_9,1,9,4.408333333333333,4.0,1.0,7.025000000000091,1.5916666666666668,2.5334027777777783,True
29165,2022,3,suppressed_1_9,1,9,2.5029166666666667,2.0,1.0,5.0,0.4970833333333333,0.24709184027777775,True
29165,2023,3,suppressed_1_9,1,9,3.9495833333333334,4.0,1.0,7.0,0.9495833333333334,0.9017085069444447,True
29165,2024,2,suppressed_1_9,1,9,3.5966666666666667,3.0,1.0,7.0,1.5966666666666667,2.5493444444444444,True
29173,2019,0,zero,0,0,0.0,0.0,0.0,0.0,0.0,0.0,True
29173,2020,0,zero,0,0,0.0,0.0,0.0,0.0,0.0,0.0,True
29173,2021,0,zero,0,0,0.0,0.0,0.0,0.0,0.0,0.0,True
29173,2022,0,zero,0,0,0.0,0.0,0.0,0.0,0.0,0.0,True
29173,2023,2,suppressed_1_9,1,9,1.2658333333333334,1.0,1.0,3.0,0.7341666666666666,0.5390006944444444,True
29173,2024,0,zero,0,0,0.0,0.0,0.0,0.0,0.0,0.0,True
29189,2019,15,exact,15,15,15.0,15.0,15.0,15.0,0.0,0.0,True
29189,2020,32,exact,32,32,32.0,32.0,32.0,32.0,0.0,0.0,True
29189,2021,44,exact,44,44,44.0,44.0,44.0,44.0,0.0,0.0,True
29189,2022,37,exact,37,37,37.0,37.0,37.0,37.0,0.0,0.0,True
29189,2023,43,exact,43,43,43.0,43.0,43.0,43.0,0.0,0.0,True
29189,2024,31,exact,31,31,31.0,31.0,31.0,31.0,0.0,0.0,True
29195,2019,1,suppressed_1_9,1,9,1.575,1.0,1.0,3.0,0.575,0.33062499999999995,True
29195,2020,1,suppressed_1_9,1,9,1.0858333333333334,1.0,1.0,2.0,0.08583333333333343,0.0073673611111111275,True
29195,2021,1,suppressed_1_9,1,9,1.4391666666666667,1.0,1.0,3.0,0.4391666666666667,0.19286736111111114,True
29195,2022,1,suppressed_1_9,1,9,1.2420833333333334,1.0,1.0,2.0,0.24208333333333343,0.058604340277777826,True
29195,2023,2,suppressed_1_9,1,9,1.4425,1.0,1.0,3.0,0.5575000000000001,0.3108062500000001,True
29195,2024,1,suppressed_1_9,1,9,1.3270833333333334,1.0,1.0,3.0,0.3270833333333334,0.10698350694444449,True
29217,2019,0,zero,0,0,0.0,0.0,0.0,0.0,0.0,0.0,True
29217,2020,2,suppressed_1_9,1,9,1.1566666666666667,1.0,1.0,2.0,0.8433333333333333,0.711211111111111,True
29217,2021,2,suppressed_1_9,1,9,2.0345833333333334,2.0,1.0,4.0,0.03458333333333341,0.0011960069444444498,True
29217,2022,0,zero,0,0,0.0,0.0,0.0,0.0,0.0,0.0,True
29217,2023,3,suppressed_1_9,1,9,1.9366666666666668,2.0,1.0,4.0,1.0633333333333332,1.1306777777777777,True
29217,2024,2,suppressed_1_9,1,9,1.7816666666666667,2.0,1.0,4.0,0.21833333333333327,0.04766944444444442,True
29223,2019,1,suppressed_1_9,1,9,1.6945833333333333,1.0,1.0,4.0,0.6945833333333333,0.48244600694444445,True
29223,2020,0,zero,0,0,0.0,0.0,0.0,0.0,0.0,0.0,True
29223,2021,0,zero,0,0,0.0,0.0,0.0,0.0,0.0,0.0,True
29223,2022,0,zero,0,0,0.0,0.0,0.0,0.0,0.0,0.0,True
29223,2023,2,suppressed_1_9,1,9,1.425,1.0,1.0,3.0,0.575,0.33062499999999995,True
29223,2024,2,suppressed_1_9,1,9,1.32375,1.0,1.0,3.0,0.67625,0.4573140625,True
29225,2019,5,suppressed_1_9,1,9,3.6058333333333334,4.0,1.0,6.0,1.3941666666666666,1.9437006944444442,True
29225,2020,1,suppressed_1_9,1,9,1.2429166666666667,1.0,1.0,2.0,0.24291666666666667,0.05900850694444445,True
29225,2021,1,suppressed_1_9,1,9,3.1375,3.0,1.0,6.0,2.1375,4.56890625,True
29225,2022,2,suppressed_1_9,1,9,1.9445833333333333,2.0,1.0,4.0,0.05541666666666667,0.0030710069444444448,True
29225,2023,2,suppressed_1_9,1,9,2.7183333333333333,3.0,1.0,5.0,0.7183333333333333,0.5160027777777777,True
29225,2024,4,suppressed_1_9,1,9,2.3508333333333336,2.0,1.0,5.0,1.6491666666666664,2.7197506944444436,True
29227,2019,0,zero,0,0,0.0,0.0,0.0,0.0,0.0,0.0,True
29227,2020,0,zero,0,0,0.0,0.0,0.0,0.0,0.0,0.0,True
29227,2021,0,zero,0,0,0.0,0.0,0.0,0.0,0.0,0.0,True
29227,2022,0,zero,0,0,0.0,0.0,0.0,0.0,0.0,0.0,True
29227,2023,0,zero,0,0,0.0,0.0,0.0,0.0,0.0,0.0,True
29227,2024,0,zero,0,0,0.0,0.0,0.0,0.0,0.0,0.0,True
48047,2019,0,zero,0,0,0.0,0.0,0.0,0.0,0.0,0.0,True
48047,2020,0,zero,0,0,0.0,0.0,0.0,0.0,0.0,0.0,True
48047,2021,1,suppressed_1_9,1,9,1.33625,1.0,1.0,3.0,0.33624999999999994,0.11306406249999996,True
48047,2022,1,suppressed_1_9,1,9,1.1095833333333334,1.0,1.0,2.0,0.10958333333333337,0.012008506944444452,True
48047,2023,0,zero,0,0,0.0,0.0,0.0,0.0,0.0,0.0,True
48047,2024,1,suppressed_1_9,1,9,1.2908333333333333,1.0,1.0,3.0,0.2908333333333333,0.08458402777777775,True
48069,2019,0,zero,0,0,0.0,0.0,0.0,0.0,0.0,0.0,True
48069,2020,0,zero,0,0,0.0,0.0,0.0,0.0,0.0,0.0,True
48069,2021,0,zero,0,0,0.0,0.0,0.0,0.0,0.0,0.0,True
48069,2022,0,zero,0,0,0.0,0.0,0.0,0.0,0.0,0.0,True
48069,2023,0,zero,0,0,0.0,0.0,0.0,0.0,0.0,0.0,True
48069,2024,0,zero,0,0,0.0,0.0,0.0,0.0,0.0,0.0,True
48091,2019,2,suppressed_1_9,1,9,3.9679166666666665,4.0,1.0,7.0,1.9679166666666665,3.872696006944444,True
48091,2020,6,suppressed_1_9,1,9,5.306666666666667,5.0,2.0,8.0,0.6933333333333334,0.48071111111111114,True
48091,2021,10,exact,10,10,10.0,10.0,10.0,10.0,0.0,0.0,True
48091,2022,3,suppressed_1_9,1,9,2.4133333333333336,2.0,1.0,4.0,0.5866666666666664,0.3441777777777775,True
48091,2023,14,exact,14,14,14.0,14.0,14.0,14.0,0.0,0.0,True
48091,2024,7,suppressed_1_9,1,9,6.312083333333334,6.0,3.0,9.0,0.6879166666666663,0.47322934027777724,True
48093,2019,0,zero,0,0,0.0,0.0,0.0,0.0,0.0,0.0,True
48093,2020,1,suppressed_1_9,1,9,1.4533333333333334,1.0,1.0,3.0,0.45333333333333337,0.20551111111111114,True
48093,2021,0,zero,0,0,0.0,0.0,0.0,0.0,0.0,0.0,True
48093,2022,1,suppressed_1_9,1,9,1.2008333333333334,1.0,1.0,2.0,0.20083333333333342,0.04033402777777781,True
48093,2023,0,zero,0,0,0.0,0.0,0.0,0.0,0.0,0.0,True
48093,2024,2,suppressed_1_9,1,9,1.5391666666666666,1.0,1.0,3.0,0.46083333333333343,0.2123673611111112,True
48201,2019,212,exact,212,212,212.0,212.0,212.0,212.0,0.0,0.0,True
48201,2020,198,exact,198,198,198.0,198.0,198.0,198.0,0.0,0.0,True
48201,2021,293,exact,293,293,293.0,293.0,293.0,293.0,0.0,0.0,True
48201,2022,220,exact,220,220,220.0,220.0,220.0,220.0,0.0,0.0,True
48201,2023,261,exact,261,261,261.0,261.0,261.0,261.0,0.0,0.0,True
48201,2024,268,exact,268,268,268.0,268.0,268.0,268.0,0.0,0.0,True
48203,2019,6,suppressed_1_9,1,9,3.3866666666666667,3.0,1.0,6.0,2.6133333333333333,6.829511111111111,True
48203,2020,2,suppressed_1_9,1,9,3.9341666666666666,4.0,1.0,7.0,1.9341666666666666,3.7410006944444443,True
48203,2021,3,suppressed_1_9,1,9,5.164583333333334,5.0,2.0,8.0,2.1645833333333337,4.685421006944447,True
48203,2022,2,suppressed_1_9,1,9,1.97875,2.0,1.0,4.0,0.02124999999999999,0.0004515624999999996,True
48203,2023,13,exact,13,13,13.0,13.0,13.0,13.0,0.0,0.0,True
48203,2024,6,suppressed_1_9,1,9,4.535833333333334,4.0,1.0,8.0,1.4641666666666664,2.143784027777777,True
48225,2019,1,suppressed_1_9,1,9,1.6095833333333334,1.0,1.0,4.0,0.6095833333333334,0.3715918402777778,True
48225,2020,4,suppressed_1_9,1,9,1.7683333333333333,2.0,1.0,4.0,2.2316666666666665,4.98033611111111,True
48225,2021,2,suppressed_1_9,1,9,1.9741666666666666,2.0,1.0,4.0,0.025833333333333375,0.0006673611111111133,True
48225,2022,0,zero,0,0,0.0,0.0,0.0,0.0,0.0,0.0,True
48225,2023,0,zero,0,0,0.0,0.0,0.0,0.0,0.0,0.0,True
48225,2024,1,suppressed_1_9,1,9,1.8475,2.0,1.0,4.0,0.8474999999999999,0.7182562499999998,True
48289,2019,0,zero,0,0,0.0,0.0,0.0,0.0,0.0,0.0,True
48289,2020,0,zero,0,0,0.0,0.0,0.0,0.0,0.0,0.0,True
48289,2021,2,suppressed_1_9,1,9,1.9845833333333334,2.0,1.0,4.0,0.015416666666666634,0.0002376736111111101,True
48289,2022,1,suppressed_1_9,1,9,1.2975,1.0,1.0,3.0,0.2975000000000001,0.08850625000000006,True
48289,2023,0,zero,0,0,0.0,0.0,0.0,0.0,0.0,0.0,True
48289,2024,2,suppressed_1_9,1,9,1.8954166666666667,2.0,1.0,4.0,0.10458333333333325,0.010937673611111094,True
48301,2019,0,zero,0,0,0.0,0.0,0.0,0.0,0.0,0.0,True
48301,2020,0,zero,0,0,0.0,0.0,0.0,0.0,0.0,0.0,True
48301,2021,0,zero,0,0,0.0,0.0,0.0,0.0,0.0,0.0,True
48301,2022,0,zero,0,0,0.0,0.0,0.0,0.0,0.0,0.0,True
48301,2023,0,zero,0,0,0.0,0.0,0.0,0.0,0.0,0.0,True
48301,2024,0,zero,0,0,0.0,0.0,0.0,0.0,0.0,0.0,True
48397,2019,3,suppressed_1_9,1,9,2.3866666666666667,2.0,1.0,5.0,0.6133333333333333,0.3761777777777777,True
48397,2020,2,suppressed_1_9,1,9,2.9079166666666665,3.0,1.0,6.0,0.9079166666666665,0.8243126736111108,True
48397,2021,5,suppressed_1_9,1,9,3.77,4.0,1.0,7.0,1.23,1.5129,True
48397,2022,12,exact,12,12,12.0,12.0,12.0,12.0,0.0,0.0,True
48397,2023,6,suppressed_1_9,1,9,5.035,5.0,3.0,6.0,0.9649999999999999,0.9312249999999997,True
48397,2024,2,suppressed_1_9,1,9,3.9004166666666666,4.0,1.0,7.0,1.9004166666666666,3.611583506944444,True
48461,2019,1,suppressed_1_9,1,9,1.1595833333333334,1.0,1.0,2.0,0.1595833333333334,0.025466840277777802,True
48461,2020,0,zero,0,0,0.0,0.0,0.0,0.0,0.0,0.0,True
48461,2021,0,zero,0,0,0.0,0.0,0.0,0.0,0.0,0.0,True
48461,2022,0,zero,0,0,0.0,0.0,0.0,0.0,0.0,0.0,True
48461,2023,0,zero,0,0,0.0,0.0,0.0,0.0,0.0,0.0,True
48461,2024,0,zero,0,0,0.0,0.0,0.0,0.0,0.0,0.0,True
48465,2019,1,suppressed_1_9,1,9,1.4895833333333333,1.0,1.0,3.0,0.48958333333333326,0.2396918402777777,True
48465,2020,2,suppressed_1_9,1,9,1.6295833333333334,1.0,1.0,4.0,0.3704166666666666,0.13720850694444442,True
48465,2021,3,suppressed_1_9,1,9,1.7704166666666667,2.0,1.0,4.0,1.2295833333333333,1.511875173611111,True
48465,2022,0,zero,0,0,0.0,0.0,0.0,0.0,0.0,0.0,True
48465,2023,1,suppressed_1_9,1,9,1.965,2.0,1.0,4.0,0.9650000000000001,0.9312250000000002,True
48465,2024,2,suppressed_1_9,1,9,1.67875,1.0,1.0,3.0,0.32125000000000004,0.10320156250000002,True
51029,2019,1,suppressed_1_9,1,9,1.36375,1.0,1.0,3.0,0.36375,0.13231406250000002,True
51029,2020,2,suppressed_1_9,1,9,1.6429166666666666,1.0,1.0,4.0,0.3570833333333334,0.12750850694444452,True
51029,2021,0,zero,0,0,0.0,0.0,0.0,0.0,0.0,0.0,True
51029,2022,1,suppressed_1_9,1,9,1.15375,1.0,1.0,2.0,0.15375000000000005,0.023639062500000016,True
51029,2023,1,suppressed_1_9,1,9,1.5079166666666666,1.0,1.0,3.0,0.5079166666666666,0.2579793402777777,True
51029,2024,0,zero,0,0,0.0,0.0,0.0,0.0,0.0,0.0,True
51057,2019,0,zero,0,0,0.0,0.0,0.0,0.0,0.0,0.0,True
51057,2020,0,zero,0,0,0.0,0.0,0.0,0.0,0.0,0.0,True
51057,2021,3,suppressed_1_9,1,9,2.0795833333333333,2.0,1.0,4.0,0.9204166666666667,0.8471668402777778,True
51057,2022,0,zero,0,0,0.0,0.0,0.0,0.0,0.0,0.0,True
51057,2023,0,zero,0,0,0.0,0.0,0.0,0.0,0.0,0.0,True
51057,2024,0,zero,0,0,0.0,0.0,0.0,0.0,0.0,0.0,True
51059,2019,34,exact,34,34,34.0,34.0,34.0,34.0,0.0,0.0,True
51059,2020,34,exact,34,34,34.0,34.0,34.0,34.0,0.0,0.0,True
51059,2021,24,exact,24,24,24.0,24.0,24.0,24.0,0.0,0.0,True
51059,2022,32,exact,32,32,32.0,32.0,32.0,32.0,0.0,0.0,True
51059,2023,21,exact,21,21,21.0,21.0,21.0,21.0,0.0,0.0,True
51059,2024,41,exact,41,41,41.0,41.0,41.0,41.0,0.0,0.0,True
51077,2019,0,zero,0,0,0.0,0.0,0.0,0.0,0.0,0.0,True
51077,2020,0,zero,0,0,0.0,0.0,0.0,0.0,0.0,0.0,True
51077,2021,1,suppressed_1_9,1,9,1.82875,2.0,1.0,4.0,0.8287500000000001,0.6868265625000002,True
51077,2022,1,suppressed_1_9,1,9,1.1458333333333333,1.0,1.0,2.0,0.14583333333333326,0.02126736111111109,True
51077,2023,0,zero,0,0,0.0,0.0,0.0,0.0,0.0,0.0,True
51077,2024,1,suppressed_1_9,1,9,1.44625,1.0,1.0,3.0,0.44625000000000004,0.19913906250000002,True
51091,2019,0,zero,0,0,0.0,0.0,0.0,0.0,0.0,0.0,True
51091,2020,0,zero,0,0,0.0,0.0,0.0,0.0,0.0,0.0,True
51091,2021,2,suppressed_1_9,1,9,1.1629166666666666,1.0,1.0,2.0,0.8370833333333334,0.7007085069444445,True
51091,2022,0,zero,0,0,0.0,0.0,0.0,0.0,0.0,0.0,True
51091,2023,0,zero,0,0,0.0,0.0,0.0,0.0,0.0,0.0,True
51091,2024,0,zero,0,0,0.0,0.0,0.0,0.0,0.0,0.0,True
51117,2019,2,suppressed_1_9,1,9,2.82375,3.0,1.0,6.0,0.82375,0.6785640625,True
51117,2020,5,suppressed_1_9,1,9,4.791666666666667,5.0,2.0,8.0,0.20833333333333304,0.04340277777777765,True
51117,2021,0,zero,0,0,0.0,0.0,0.0,0.0,0.0,0.0,True
51117,2022,1,suppressed_1_9,1,9,1.6570833333333332,2.0,1.0,3.0,0.6570833333333332,0.43175850694444434,True
51117,2023,7,suppressed_1_9,1,9,3.6529166666666666,4.0,1.0,7.0,3.3470833333333334,11.202966840277778,True
51117,2024,2,suppressed_1_9,1,9,4.074583333333333,4.0,1.0,8.0,2.074583333333333,4.303896006944443,True
51155,2019,2,suppressed_1_9,1,9,1.545,1.0,1.0,3.0,0.45500000000000007,0.20702500000000007,True
51155,2020,0,zero,0,0,0.0,0.0,0.0,0.0,0.0,0.0,True
51155,2021,0,zero,0,0,0.0,0.0,0.0,0.0,0.0,0.0,True
51155,2022,1,suppressed_1_9,1,9,1.2466666666666666,1.0,1.0,2.0,0.2466666666666666,0.06084444444444441,True
51155,2023,1,suppressed_1_9,1,9,1.7316666666666667,2.0,1.0,4.0,0.7316666666666667,0.5353361111111111,True
51155,2024,1,suppressed_1_9,1,9,1.805,2.0,1.0,4.0,0.8049999999999999,0.6480249999999999,True
51163,2019,0,zero,0,0,0.0,0.0,0.0,0.0,0.0,0.0,True
51163,2020,3,suppressed_1_9,1,9,1.89625,2.0,1.0,4.0,1.10375,1.2182640625,True
51163,2021,0,zero,0,0,0.0,0.0,0.0,0.0,0.0,0.0,True
51163,2022,0,zero,0,0,0.0,0.0,0.0,0.0,0.0,0.0,True
51163,2023,1,suppressed_1_9,1,9,1.6291666666666667,1.0,1.0,4.0,0.6291666666666667,0.39585069444444443,True
51163,2024,3,suppressed_1_9,1,9,1.7345833333333334,2.0,1.0,4.0,1.2654166666666666,1.6012793402777776,True
51187,2019,1,suppressed_1_9,1,9,1.4925,1.0,1.0,3.0,0.49249999999999994,0.24255624999999995,True
51187,2020,2,suppressed_1_9,1,9,1.7525,2.0,1.0,3.0,0.24750000000000005,0.061256250000000026,True
51187,2021,4,suppressed_1_9,1,9,2.299166666666667,2.0,1.0,4.0,1.7008333333333332,2.892834027777777,True
51187,2022,1,suppressed_1_9,1,9,1.2041666666666666,1.0,1.0,2.0,0.2041666666666666,0.04168402777777775,True
51187,2023,1,suppressed_1_9,1,9,1.60625,1.0,1.0,3.0,0.60625,0.36753906249999996,True
51187,2024,1,suppressed_1_9,1,9,1.6454166666666667,1.0,1.0,3.0,0.6454166666666667,0.4165626736111112,True
51540,2019,4,suppressed_1_9,1,9,2.756666666666667,3.0,1.0,5.0,1.2433333333333332,1.5458777777777775,True
51540,2020,0,zero,0,0,0.0,0.0,0.0,0.0,0.0,0.0,True
51540,2021,0,zero,0,0,0.0,0.0,0.0,0.0,0.0,0.0,True
51540,2022,3,suppressed_1_9,1,9,1.5925,1.0,1.0,3.0,1.4075,1.98105625,True
51540,2023,3,suppressed_1_9,1,9,3.9404166666666667,4.0,1.0,7.0,0.9404166666666667,0.8843835069444445,True
51540,2024,2,suppressed_1_9,1,9,3.7104166666666667,4.0,1.0,7.0,1.7104166666666667,2.925525173611111,True
51770,2019,4,suppressed_1_9,1,9,3.7441666666666666,4.0,1.0,7.0,0.25583333333333336,0.06545069444444446,True
51770,2020,5,suppressed_1_9,1,9,6.477916666666666,7.0,3.0,9.0,1.4779166666666663,2.18423767361111,True
51770,2021,5,suppressed_1_9,1,9,7.629583333333334,8.0,5.0,9.0,2.6295833333333336,6.914708506944446,True
51770,2022,12,exact,12,12,12.0,12.0,12.0,12.0,0.0,0.0,True
51770,2023,5,suppressed_1_9,1,9,4.931666666666667,5.0,2.0,8.0,0.06833333333333336,0.004669444444444447,True
51770,2024,9,suppressed_1_9,1,9,5.216666666666667,5.0,2.0,8.0,3.783333333333333,14.31361111111111,False
51830,2019,1,suppressed_1_9,1,9,1.2741666666666667,1.0,1.0,3.0,0.27416666666666667,0.07516736111111111,True
51830,2020,1,suppressed_1_9,1,9,1.43875,1.0,1.0,3.0,0.43875,0.19250156249999997,True
51830,2021,0,zero,0,0,0.0,0.0,0.0,0.0,0.0,0.0,True
51830,2022,0,zero,0,0,0.0,0.0,0.0,0.0,0.0,0.0,True
51830,2023,0,zero,0,0,0.0,0.0,0.0,0.0,0.0,0.0,True
51830,2024,2,suppressed_1_9,1,9,1.3670833333333334,1.0,1.0,3.0,0.6329166666666666,0.40058350694444433,True
